FileID,Start,End,Start,End,Start,End,Start,End,Start,End
ZoFZ1SEqVY0,0.132,0.869,1.107,1.858,2.237,2.705,,,,
fwqlFWrZnok,7.087,10.000,,,,,,,,
Sxi1v2Edin0,2.419,4.977,6.919,7.597,,,,,,
3dKSeoGR1z4,0.770,5.778,,,,,,,,
_nHfZ3eN-gI,1.648,2.219,,,,,,,,
DXSHDq3P0Hc,NO Laughter,,,,,,,,,
MtZ4-X236yw,3.390,4.176,5.362,6.949,8.460,9.569,,,,
JspiHIcMpPs,1.833,2.542,,,,,,,,
JaNVr8rZ-Wc,5.331,6.733,,,,,,,,
KyuGOQ6LwJE,3.53,6.6,,,,,,,,
ZMdci4B8qsA,1.432,3.235,,,,,,,,
5PHiDtGhd6s,3.343,10.000,,,,,,,,
dAtTDnzYAog,1.294,3.189,4.483,6.502,7.873,9.953,,,,
6ADdMhrIZc0,3.775,4.391,6.533,9.970,,,,,,
_8Q5sRCe8Gc,3.713,9.800,,,,,,,,
LSLH3IA1fNM,2.252,3.204,4.684,9.106,,,,,,
8UQZWCYEipU,0.755,4.946,,,,,,,,
QzVg5Mo2VZs,1.402,10.000,,,,,,,,
78DZ3enrEP4,3.605,5.301,,,,,,,,
aWFPdroghvY,0.070,6.590,8.703,9.168,,,,,,
-5AwGn04sAU,1.410,2.521,4.344,8.561,,,,,,
ZZ0nFRaH71o,2.064,2.681,8.382,8.859,,,,,,
bWb8zrWoZU8,3.975,6.056,,,,,,,,
MdCSz2cZQUM,0.077,5.300,8.413,9.892,,,,,,
LSPwquBitbU,3.065,4.806,6.887,7.396,,,,,,
0vw9f02o1UU,0.955,3.651,,,,,,,,
tuLts9DhQ7c,1.479,2.342,3.729,4.222,5.331,9.338,,,,
FGc9Zt1MXng,NO Laughter,,,,,,,,,
VoSU30CMd1Q,1.541,8.568,,,,,,,,
2c470XOGvp4,0.909,1.525,,,,,,,,
eFqlz_f0fZo,1.664,7.441,,,,,,,,
2Sb7U9QFkPI,7.319,8.076,,,,,,,,
1JZe-d8yQmI,4.576,5.485,8.274,10.000,,,,,,
GWW0crROtdg,0.046,2.049,5.008,6.564,,,,,,
8IqgniV-tVQ,3.559,8.243,,,,,,,,
9GdSA3KnYOU,2.711,4.992,7.534,10.000,,,,,,
XgB8a79-X0c,0.100,0.400,4.515,6.318,,,,,,
Lu9fYcc6O14,1.287,2.912,5.576,6.937,,,,,,
U2RdTbD6qf8,0.061,0.770,2.727,3.7900,,,,,,
WTk0uxyJ694,3.913,4.745,,,,,,,,
ZWwCQMCcJTs,3.559,4.237,,,,,,,,
AEw2McqLRQY,4.884,5.685,7.349,8.490,,,,,,
nGH6n0MyYps,5.717,6.194,,,,,,,,
QAJ5Nva-fyk,9.338,10.000,,,,,,,,
gTni0wOlklQ,0.092,0.200,,,,,,,,
OVYm1vm5sIQ,6.375,8.070,,,,,,,,
BAEG3OtEf3s,2.525,2.840,,,,,,,,
xqrwCyRTV-g,2.450,10.000,,,,,,,,
guD3o7aspko,2.511,8.536,,,,,,,,
EGv45MzlFPw,1.525,2.249,8.382,10,,,,,,
YN6P6q9uLao,0.061,1.078,,,,,,,,
iezPv97ySrY,5.531,7.18,9.445,10,,,,,,
8JHp3-PFnU0,9.445,10,,,,,,,,
Vpu6mMAuCXQ,0.616,10,,,,,,,,
MVrdEa0sZRg,3.605,4.314,6.703,10,,,,,,
Car0lM48TTI,0.046,10,,,,,,,,
Gi9FEkxB5RM,0.431,7.026,,,,,,,,
XfYs2pF5W9M,0.2,9.106,,,,,,,,
OVW2Fuo4NhU,6.532,10,,,,,,,,
z-ZAH-1udRQ,8.305,9.784,,,,,,,,
jeVVP_r1uW8,0,5.485,6.425,10,,,,,,
qeTxMkKb4sQ,3.636,4.766,,,,,,,,
gBwpkAegHOM,3.143,10,,,,,,,,
TbVY4mkp-9o,0.264,7.438,,,,,,,,
tt3PN0HQMNs,0.154,2.034,4.33,5.347,,,,,,
t6lgshRc0Go,0.862,3.127,5.793,6.918,,,,,,
m78FLtzht9Y,1.463,2.835,5.254,6.549,,,,,,
bAETe5ioJ30,8.983,10,,,,,,,,
Ja5ewU_57eY,0.184,3.204,,,,,,,,
zeYOrryTz-0,0.77,3.76,6.164,7.196,9.338,10,,,,
j4PyRSS5KhQ,0.246,5.67,6.718,7.658,,,,,,
WQwiDeicdKk,6.379,9.615,,,,,,,,
o0eeuJlK__k,6.826,8.074,,,,,,,,
oqFAPH3FrIA,0.431,1.54,,,,,,,,
wYCrIwkFkOA,3.174,9.645,,,,,,,,
Q816N0WJ214,0,1.417,3.698,10,,,,,,
24Qn65Eliz0,2.481,3.197,5.886,10,,,,,,
dcPIGsnBYKg,3.991,5.825,8.675,10,,,,,,
_ce714koI2U,NO Laughter,,,,,,,,,
cLFSpQXS9Mw,0.6,6.21,8.845,10,,,,,,
xp4I_mj9ozY,4.53,9.23,,,,,,,,
5-LO6dUCiJ4,3.667,4.822,,,,,,,,
3yShrSi_g2I,4.052,5.963,5.716,10,,,,,,
2Hp1AvKRiOA,0.68,6.778,8.768,9.708,,,,,,
UztmdVutiqE,8.814,9.816,,,,,,,,
wBO1gBQo6Yo,0.138,2.696,3.698,5.069,9.383,10,,,,
P2rZ2y8FAls,NO Laughter,,,,,,,,,
8qsjlzvgaZM,3.038,5.816,,,,,,,,
NKccnideb8E,1.34,3.066,4.637,5.362,,,,,,
fduaEf7W9ic,2.926,10,,,,,,,,
ETOorNNFxFw,0,6.734,,,,,,,,
E4qT_AvQiVQ,7.658,8.999,,,,,,,,
alD68zoIf6g,8.027,10,,,,,,,,
FvmWB20IUaM,NO Laughter,,,,,,,,,
U44bT7LuPpk,1.694,3.405,,,,,,,,
aQD7sos_QXs,0,1.556,4.468,6.965,,,,,,
uSCALDGcV-c,0.616,2.003,,,,,,,,
ZqkUY7Vetsg,0.662,6.595,,,,,,,,
Qg2JNUMLSgc,2.018,4.284,8.814,10,,,,,,
UfqZYTJX5-k,0,1.71,,,,,,,,
Dm6_T2Atzuk,NO Laughter,,,,,,,,,
ZV3eYs9K72Y,7.534,8.813,,,,,,,,
B_48uj-xdw4,0.77,5.331,8.645,10,,,,,,
g3FuSch-rkg,7.581,10,,,,,,,,
eObxou-x9vs,1.463,2.249,4.853,6.363,,,,,,
qvAN9Kiy2pA,6.733,9.353,,,,,,,,
xZ27Q9bqqrQ,0.847,1.771,8.983,10,,,,,,
v-HJmvAsajg,1.463,2.665,4.098,4.8,,,,,,
9kBvHiHHtoM,7.103,7.799,,,,,,,,
AID3T_UP-L0,1.032,2.65,3.251,5.902,7.427,10,,,,
Qon10uDF0WA,5.855,7.535,,,,,,,,
TkViGLeioF0,1.386,1.772,5.039,5.747,,,,,,
hysBUIFXquE,7.366,8.213,,,,,,,,
ha8CT4nfwh8,3.867,5.747,,,,,,,,
AyIlE11FD9o,3.189,3.944,5.208,6.718,,,,,,
UdeaxjtefbQ,2.665,5.809,8.044,9.261,,,,,,
b3N84QSODwY,0,6.61,7.627,10,,,,,,
qilVdOks5WY,3.805,6.117,7.92,10,,,,,,
sb4ElU_JxJM,7.719,9.245,,,,,,,,
4pUiO6uQU40,NO Laughter,,,,,,,,,
8f1xOTxXI2w,0,4.93,5.809,8.582,9.291,10,,,,
pmuWbFJcca0,1.818,3.867,4.823,6.118,,,,,,
ivwPtkoe-vU,1.032,2.835,,,,,,,,
ULFpT7PNN38,8.121,9.292,,,,,,,,
KLUS3C6ry30,2.188,3.713,6.765,7.997,8.413,9.723,,,,
D53KMfZZm2s,5.732,7.073,,,,,,,,
wfl2ll7QPfA,NO Laughter,,,,,,,,,
ZkArrP1DKCY,1.371,2.619,,,,,,,,
ngAEUfF76Po,0,2.111,3.821,10,,,,,,
kEyRKV7Wm88,NO Laughter,,,,,,,,,
PZ1jCV5xThk,3.334,4.202,4.983,6.347,,,,,,
FcPaxEeaGJE,1.063,2.095,4.083,9.029,,,,,,
vzJOMUqQMPo,6.271,10,,,,,,,,
Y93DPiQQ0Ak,0.292,1.047,,,,,,,,
_u1UqkHfS6o,NO Laughter,,,,,,,,,
Z-Ne-RquYD0,8.413,9.105,,,,,,,,
ixuLO0I33U4,1.617,2.711,3.929,5.654,,,,,,
dCpZ94BAPI0,NO Laughter,,,,,,,,,
dCpZ94BAPI0,NO Laughter,,,,,,,,,
sbZ5Ls141fg,0,1.725,4.885,6.117,8.86,10,,,,
bYEJF500cr8,8.306,9.538,,,,,,,,
19uyW5r4LgI,NO Laughter,,,,,,,,,
VJbRtrKSN54,0,10,,,,,,,,
Jk1bxDsUn_c,1.463,2.434,5.995,6.333,,,,,,
7B-JapFFo68,5.624,6.241,,,,,,,,
w9PYNTIgaqI,NO Laughter,,,,,,,,,
_k2hN2MlHoA,1.155,3.051,8.306,9.107,,,,,,
azvDUDCEuOM,0,5.085,6.965,10,,,,,,
jCkM2VSZyh0,0.046,1.448,2.342,3.189,,,,,,
maGNW9ByedU,1.155,5.562,6.905,10,,,,,,
7eRQXGEjypA,NO Laughter,,,,,,,,,
hOua7RdPg38,0.862,1.895,3.79,8.953,,,,,,
stEsCkzBNDo,8.275,10,,,,,,,,
H1rDvOSDJfY,0.107,2.44,6.518,7.227,,,,,,
NUCNRQByrdY,4.606,5.208,,,,,,,,
LNZS0Ge-izE,2.28,7.503,,,,,,,,
0cIAYwY_cno,0.323,1.094,3.852,4.746,,,,,,
s_9TqVhYqj4,6.872,7.427,,,,,,,,
wzf5PtxCdgY,3.205,4.407,,,,,,,,
1Eb_BTzbRKI,2.573,7.163,9.183,10,,,,,,
HIO0NcAPD-s,8.49,10,,,,,,,,
01TbXvFheiY,0,1.124,,,,,,,,
S-NJ5GMSmvc,1.094,7.504,,,,,,,,
55cDQffhucw,1.232,2.249,9.368,10,,,,,,
CPIwovAzC2o,8.413,10,,,,,,,,
LXLLDcSi7ck,0,1.926,8.675,10,,,,,,
vgX8de9QnuQ,3.698,8.998,,,,,,,,
2khX2UCLZKs,0.169,1.448,5.315,6.117,,,,,,
1y-5sN_HSWA,0.77,1.479,,,,,,,,
d7j7lYqobpw,0,2.65,7.087,7.781,,,,,,
vqSemDSJ2Jw,2.989,4.006,,,,,,,,
B9vmwTPLQm0,1.309,2.342,7.72,8.167,,,,,,
AS5es0r698I,6.764,7.442,,,,,,,,
9Wvv3ZJL4VA,6.256,10,,,,,,,,
R5lxAsESWgM,0.847,1.147,4.622,5.238,7.426,10,,,,
Cue3fy5QMjI,NO Laughter,,,,,,,,,
BIUfg127DZ4,6.302,7.455,,,,,,,,
lPhEI3aDd9o,1.833,4.653,,,,,,,,
E5N-lMJb9dw,3.297,4.284,6.287,6.872,,,,,,
gLzQdo7-P2k,0.493,1.186,,,,,,,,
cgsUPDhVFKg,8.182,10,,,,,,,,
fassVZb44Vw,0.477,2.342,,,,,,,,
cDwleRigKMM,0.153,6.831,,,,,,,,
5vpXiK2P_44,6.086,7.997,,,,,,,,
9S5pbCQfW2o,0,3.266,,,,,,,,
YxJ0tJByv0A,1.926,4.761,7.503,10,,,,,,
ocxwcO50X4A,0.677,4.884,7.519,10,,,,,,
wNczVtrEh5A,4.53,10,,,,,,,,
PwDGFjEcOiE,3.482,6.086,,,,,,,,
XyIAPpcvVro,2.973,3.728,6.764,8.212,,,,,,
3bm17p9ITz8,2.111,2.85,8.691,10,,,,,,
BHL1hcFmB60,1.061,4.984,,,,,,,,
IStcumOxJg0,8.937,10,,,,,,,,
4L_ccYE_24M,NO Laughter,,,,,,,,,
NAkgIjxP1aE,2.449,6.579,,,,,,,,
UFjiEHJzHSg,0,0.7,,,,,,,,
oWfBvKgMv0o,1.52,2.452,3.542,4.187,7.772,8.375,,,,
9Ei46s8QL0A,5.439,10,,,,,,,,
o69UVZJRrbc,NO Laughter,,,,,,,,,
84dWm3rm504,0.000 ,7.172,8.539,9.154,,,,,,
fsbZTOUPYGA,1.729,3.007,,,,,,,,
NeONjDSKMrs,4.071,6.187,,,,,,,,
jGux08AmWBw,0.430 ,1.89,6.283,8.216,,,,,,
ax1GBzj5s_8,6.241,7.282,,,,,,,,
RvQGRHNibr8,9.302,10.032,,,,,,,,
71rMtURSqDs,2.567,4.436,5.22,6.358,6.637,7.819,8.248,9.698,,
iwZ28tzXKRk,3.759,4.704,5.134,7.872,,,,,,
WYbz54iBWF4,1.718,4.242,5.871,7.375,,,,,,
sGpSVEoKlyI,NO Laughter,,,,,,,,,
m1F-s4GrXeA,4.425,7.464,,,,,,,,
mf3Sm4MMvv0,5.939,8.076,,,,,,,,
lrc34Vwal5k,2.674,3.684,3.738,4.887,4.941,6.627,,,,
_547JTmvb9g,0.945,1.579,2.17,4.619,5.832,10.032,,,,
CDejWyOd7FQ,0.000 ,0.980 ,2.909,4.742,,,,,,
HhP-q7Hc3o0,3.233 ,5.477 ,,,,,,,,
Oc9azgD3RJ8,NO Laughter,,,,,,,,,
bVLrcpJTT9M,1.714,3.578,,,,,,,,
bH-3ttSqXhU,NO Laughter,,,,,,,,,
0taZldxMK1Q,0.000 ,0.23,1.052,2.116,8.259,10.031,,,,
4OXqmhij5fg,1.396,4.737,,,,,,,,
sjAKBnCgKt8,,,,,,,,,,
-defuBDcq-o,,,,,,,,,,
Yot3JAqpUEc,,,,,,,,,,
b3eDEslB94c,,,,,,,,,,
6PjC9sMqGT0,,,,,,,,,,
UBvoC7u2-YY,,,,,,,,,,
nnC-y6sgcs4,,,,,,,,,,
3vY34tmF4UI,,,,,,,,,,
RmGGiQMURcQ,,,,,,,,,,
Y4KAkfJBznM,,,,,,,,,,
z0xbyPhHBbs,,,,,,,,,,
9grtLEqt_RM,,,,,,,,,,
VmKrg4ctW5M,,,,,,,,,,
TJUUXvxEWBE,,,,,,,,,,
BY-FIDHIZ0U,,,,,,,,,,
RCe9ercXpTw,,,,,,,,,,
RVfwsH_9ezw,,,,,,,,,,
2MJ083qunsE,,,,,,,,,,
vbI1ZrIVXmU,,,,,,,,,,
hY1QRCEc4L8,,,,,,,,,,
DOotwwASsNE,,,,,,,,,,
mLXeCv5h09Y,,,,,,,,,,
y-buftBOpUk,,,,,,,,,,
HerVIPs80jE,,,,,,,,,,
r-J8NcBK0TY,,,,,,,,,,
_DUtIl0iV-U,,,,,,,,,,
8jjI_pWqhpY,,,,,,,,,,
dhCMl8GqBnA,,,,,,,,,,
i_7Hz_BSqzs,,,,,,,,,,
8xDTZMYfa6g,,,,,,,,,,
udjpvALBE04,,,,,,,,,,
Wvx4WtwJ8GY,,,,,,,,,,
X91X7-PVfBY,,,,,,,,,,
Ao0n1cqfFDw,,,,,,,,,,
ENzTDB3pXmk,,,,,,,,,,
YJAYmN7RGaY,,,,,,,,,,
dffMKxesOHw,,,,,,,,,,
e8Lm-kPvGSw,,,,,,,,,,
TGaCJPImdOs,,,,,,,,,,
6mXQ7dS8Pf0,,,,,,,,,,
oV9GCIYs3DQ,,,,,,,,,,
7nfAny7po8U,,,,,,,,,,
f_7rHJFGu9M,,,,,,,,,,
-4hvX2WDpQ4,,,,,,,,,,
5j71dIQqtgg,,,,,,,,,,
DIRkICyFmj8,,,,,,,,,,
FMcTI4xXu4c,,,,,,,,,,
9ObYgZi_Bjw,,,,,,,,,,
qV3PnHE3qB4,,,,,,,,,,
mjwPOoEga5o,,,,,,,,,,
CqEssopmvX4,,,,,,,,,,
TJ0ckiby05s,,,,,,,,,,
55fiHaTdTPQ,,,,,,,,,,
lsbY7yoa88M,,,,,,,,,,
mC1j3Q_ktvg,,,,,,,,,,
7pelqXwD_l4,,,,,,,,,,
vGxupaVrj0Y,,,,,,,,,,
BUWWY_qJUDM,,,,,,,,,,
CpqX_eohHsU,,,,,,,,,,
sBE5Dng4UBE,,,,,,,,,,
wPhOwUnWCLY,,,,,,,,,,
ZBnIrKg2gnY,,,,,,,,,,
V9CM39gYX7I,,,,,,,,,,
_-ZzseISkus,,,,,,,,,,
V-G5GKiEKdY,,,,,,,,,,
6etBkhuLIyc,,,,,,,,,,
2aUwppJluJE,,,,,,,,,,
fK4QBQZ6i7w,,,,,,,,,,
VxvdzuN93QQ,,,,,,,,,,
YWLJv2SgCEI,,,,,,,,,,
nG_MiPR4qbY,,,,,,,,,,
UwNmMewIp1U,,,,,,,,,,
ItRCa5RJBX8,,,,,,,,,,
kykRU_67e94,,,,,,,,,,
GSlm_V0XDAA,,,,,,,,,,
o-LT4nvygWw,,,,,,,,,,
aKpPu1wgZDI,,,,,,,,,,
m4iQLMluW94,,,,,,,,,,
BuIMVqz85uk,,,,,,,,,,
5AFKEd8nSpg,1.684,3.029,5.078,6.588,7.183,9.761,,,,
wVLgovBQkrM,0.712,1.525,8.851,9.043,,,,,,
r9earOROw0I,1.353,10.024,,,,,,,,
Q8jcGXRJu5Y,7.081,7.735,,,,,,,,
Izg45qsbYAw,0.034,0.749,,,,,,,,
PaSQoDiF9q4,3.282,3.619,,,,,,,,
mQ0ZEKTDW4w,5.609,5.81,8.633,8.874,,,,,,
aiUZMBUc6RM,0.047,6.451,9.55,10.023,,,,,,
P8swocrwnnw,5.647,6.511,,,,,,,,
ytK5ONSpYLQ,0.051,1.046,2.236,3.161,4.859,9.687,,,,
RerfgviIZGk,5.045,10.022,,,,,,,,
xwQE_69dbgQ,1.155,9.075,,,,,,,,
p7oucErkxGY,1.312,1.758,6.186,9.047,,,,,,
fbi4V1w_0jY,4.146,7.921,8.809,10.023,,,,,,
8kvAdUSm5BY,1.902,4.253,6.937,8.701,,,,,,
a99GrFKHcWo,0.811,1.707,4.039,5.472,7.748,10.022,,,,
k-UaEdq1W14,5.422,5.948,,,,,,,,
Iw9ni3FSmls,0.981,9.908,,,,,,,,
dD5qAp01vj8,0.193,7.363,8.478,10.016,,,,,,
hnbpLHcoOYw,7.387,10.024,,,,,,,,
7WEyBfAKebg,7.525,10.025,,,,,,,,
3aQVRDFiF78,6.794,7.188,,,,,,,,
s2sgpPK3x0M,9.409,10.025,,,,,,,,
rs2FL8HJfGE,2.497,8.333,,,,,,,,
Dd4Me904NPw,0.445,7.622,,,,,,,,
AQjai34MyUg,0.254,0.996,1.919,3.363,,,,,,
oBUsgakZZx8,4.406,4.685,8.808,9.649,,,,,,
a9b-A21adA4,0.142,9.998,,,,,,,,
_lWJ5Raa9jc,0.113,1.335,,,,,,,,
OtVnklZgn-o,2.623,10.026,,,,,,,,
s-AgmYNOV3E,5.375,5.505,,,,,,,,
mWqH2xwjkYA,0.055,10.026,,,,,,,,
ZZ3W_qp1VqU,2.876,4.354,,,,,,,,
A2Pol9d6Mvk,3.334,4.476,6.393,8.435,9.542,10.025,,,,
smOfZYlK4b4,0.237,5.261,7.043,10.021,,,,,,
5MZYUwiSfVg,0.041,1.612,2.981,5.102,7.063,9.329,,,,
ls-sLN0hMO4,0.507,1.999,,,,,,,,
WWbOVIhEgUM,0.057,5.817,,,,,,,,
3ciaKt72a18,1.657,3.277,,,,,,,,
GUmibVaYgDY,2.354,4.139,,,,,,,,
dTLQe8xDAT0,0.772,10.018,,,,,,,,
Z2wnecZIOpw,0.042,10.023,,,,,,,,
0ZlVKMl3qyw,2.019,9.427,,,,,,,,
PcSKMxflV2k,0.034,0.993,7.741,9.705,,,,,,
nViZXuFG48k,NO Laughter,,,,,,,,,
cAvrpgP1OU4,1.337,2.459,6.443,10.028,,,,,,
hpQo9zQHHPA,6.471,8.432,,,,,,,,
KvHY_StVb1g,0.206,9.964,,,,,,,,
s7TgQ8sjSuQ,0.048,2.302,,,,,,,,
IyCI810sGLs,8.879,9.861,,,,,,,,
Ex3UBu_Tps8,0.089,10.021,,,,,,,,
olXsjzz317U,0.537,2.008,6.737,7.344,,,,,,
F2NMrKvbcTc,0.598,7.132,,,,,,,,
1yOaHPaw60Q,3.647,7.018,,,,,,,,
qa1SyZNkdmM,3.397,5.742,,,,,,,,
QlOn4Ds855U,0.97,3.953,7.844,10.018,,,,,,
5WNZy3VrmCI,4.904,5.912,8.807,10.021,,,,,,
BpUDSH5vxTU,5.434,5.476,,,,,,,,
2MHujpwIl8c,2.889,5.454,7.022,8.397,,,,,,
vtxar2ffZAE,7.393,8.452,,,,,,,,
PKSzqOYAAsA,0.045,9.939,,,,,,,,
RZUUESPZlB8,0.036,10.023,,,,,,,,
yB4XQ81oqsQ,2.489,4.254,5.141,10.023,,,,,,
KMOwz-gwgW8,3.635,10.022,,,,,,,,
qhe2uaej1Ek,1.391,2.497,,,,,,,,
cVdrQ8bIOeA,2.057,2.708,6.799,10.025,,,,,,
HCbQ46el70g,4.541,4.711,,,,,,,,
o1fYEOeC2Tk,0.884,2.831,, ,,,,,,
SDCtdj5ETAc,0.054,10.022,,,,,,,,
3fGA82xboe0,3.486,3.781,,,,,,,,
FOmVsNdtV4I,4.451,6.367,,,,,,,,
3dQ5rZpK5U4,1.615,2.967,7.343,7.888,,,,,,
W1bXMGZ-akM,2.921,10.024,,,,,,,,
Gkr72mVvXOI,1.718,3.106,6.287,7.451,8.298,8.957,,,,
UW7ioxBkBvc,6.211,7.991,,,,,,,,
9vhmc1YIZpA,1.876,4.275,8.247,8.691,,,,,,
CjPlMp0ToQc,0.051,8.832,,,,,,,,
8ao-wTtdQhA,4.166,5.787,,,,,,,,
WFsYuDEnMaU,3.802,5.973,,,,,,,,
qC1dRt16Kgg,2.125,3.526,7.326,8.057,9.265,9.919,,,,
rq03iPVSG2o,0.183,10.024,,,,,,,,
UsDs5xPiXFU,0.057,3.551,5.078,8.317,,,,,,
AW3uVtWzpFk,0.681,10.024,,,, ,,,,
d9ZLbpMqcKA,0.308,0.564,3.146,5.911,8.318,8.508,,,,
_lWKSo_MziU,0.409,7.997,,,,,,,,
rKW8_GrRAzQ,8.555,10.025,,,,,,,,
DWAb_kAkK2o,2.081,4.198,5.927,8.816,,,,,,
QCP0qLOICec,0.874,6.447,,,,,,,,
jmZsJBxRitw,1.621,2.929,,,,,,,,
obWlEkBrmzg,0.045,6.231,,,,,,,,
ehryvTV27Hw,0.456,4.538,5.956,10.027,,,,,,
cMzm9vDp6JU,5.399,6.794,,,,,,,,
f6p8pycbNYM,0.816,1.325,,,,,,,,
e5F_bLZEbvw,5.427,10.022,,,,,,,,
tGDTT_arhbU,1.723,2.444,5.598,10.024,,,,,,
crLxhUOneHI,4.909,10.023,,,,,,,,
AF0CtMb81t8,4.137,4.783,6.348,9.996,,,,,,
_JbiEnjU-6c,1.898,6.011,,,,,,,,
k1k6qyl8uZU,1.198,1.803,,,,,,,,
dYtG-i2TJJY,0.046,3.685,8.611,10.025,,,,,,
tJ5w2F1B1R8,9.252,9.755,,,,,,,,
sZRik7ic4kM,3.836,4.336,5.913,6.722,,,,,,
7fbnTIAorYU,1.785,2.605,7.109,8.181,,,,,,
dhUZ5u-zeoM,0.103,1.066,4.201,5.7,6.023,8.835,,,,
anuk8BWzgxM,0.334,1.401,7.923,9.628,,,,,,
Kuv2LrLpD1E,0.3,4.327,5.423,6.802,9.337,10.024,,,,
Z3POdYMoARY,0.575,1.6,2.598,3.411,8.598,9.344,,,,
1C8MLki8pR4,2.963,3.75,7.887,8.649,,,,,,
AlIwXPhHfyY,9.667,10.028,,,,,,,,
qglX6R20gJU,5.554,5.959,,,,,,,,
-4kV3ulsTJc,0.850 ,5.204,5.71,6.274,8.803,10.027,,,,
quKo5yTE1D8,1.406,1.774,,,,,,,,
YmYNZJ3Jrpo,0.495,0.696,,,,,,,,
1K01dSq_RSo,0.04,0.723,8.612,9.416,,,,,,
1FoeNUWL_rE,7.61,9.060 ,,,,,,,,
7dpBqF_GopM,1.376,3.031,4.805,5.873,,,,,,
ieo9HFddvqU,0.588,3.055,3.982,5.521,8.237,9.625,,,,
jlZWiX3Iqsc,1.321,1.863,,,,,,,,
7tvEbjPfpZg,3.483,5.229,,,,,,,,
FqzeCJV0kyQ,0.032,3.245,,,,,,,,
7ibcwk78YMA,1.755,4.306,,,,,,,,
HLay8gvNJWI,2.456,3.310 ,4.839,5.987,8.179,9.027,,,,
-w1s7Hf-IP0,3.673,6.235,,,,,,,,
OzAzRA-b7gM,2.125,2.614,,,,,,,,
nyl0dSjaJI4,0.047,3.777,4.849,5.513,6.984,8.408,8.702,10.031,,
37hqUFpvl6A,0.559,1.888,9.623,10.013,,,,,,
mYAK8RZNLj8,,,,,,,,,,
ywBiC82Lld4,,,,,,,,,,
qjBH1PtNbgY,,,,,,,,,,
TQMQvgurnRw,,,,,,,,,,
AdIypGonhkQ,,,,,,,,,,
j4VRLAln754,,,,,,,,,,
JcWq9vZQ8Zg,,,,,,,,,,
HDZ0wrCXv5c,,,,,,,,,,
puWOGixqFfI,,,,,,,,,,
h_jGZ4GbeLk,,,,,,,,,,
Q1dde1cLvrI,,,,,,,,,,
7t3ST-gb2Iw,,,,,,,,,,
iKjQTwNoJTQ,,,,,,,,,,
yhJl8f8psug,,,,,,,,,,
sE9fZUVJ340,,,,,,,,,,
siYGJq_uvL8,,,,,,,,,,
HveoxIhZi48,,,,,,,,,,
EwT19mYhRxQ,,,,,,,,,,
BJ5IY71t0Ec,,,,,,,,,,
3_55uw_ZdXM,,,,,,,,,,
mSTHICFPkv8,,,,,,,,,,
P7Vfzyf1XFA,,,,,,,,,,
Mp5Bg1dZnRs,,,,,,,,,,
AN60q9nSnMk,,,,,,,,,,
3UEzas-2YSE,,,,,,,,,,
L9oVp-nMJZ0,,,,,,,,,,
9PUP4vh-Whc,,,,,,,,,,
onoNn2BQf4E,,,,,,,,,,
76kVWkYoaKc,,,,,,,,,,
YDZdJ08B8ow,,,,,,,,,,
UlFKxmfvE7Q,,,,,,,,,,
auN4S16GiUo,,,,,,,,,,
jTzu-7J4kKE,,,,,,,,,,
KyQI28cgyOE,,,,,,,,,,
Mtb2lUNEykI,,,,,,,,,,
A7qS6N7Nf1w,,,,,,,,,,
ra_d7hYEKXQ,,,,,,,,,,
7UvS6lGHAig,,,,,,,,,,
kN06AK8F69U,,,,,,,,,,
nFY1_x4Y1Jc,,,,,,,,,,
EwbkEvoQqIA,,,,,,,,,,
kQUs7oUvLRA,,,,,,,,,,
pblI33b8l8o,,,,,,,,,,
UvqewMAOuTo,,,,,,,,,,
caehFH3iXpo,,,,,,,,,,
6xlV_D4yJDc,,,,,,,,,,
llboC9cnHZQ,,,,,,,,,,
yvTdjNMksJM,,,,,,,,,,
BwAFO43PC7k,,,,,,,,,,
ku79UKCzrpE,,,,,,,,,,
uueL8JwXf50,,,,,,,,,,
wP_qbpj34eA,,,,,,,,,,
VP-sUUDt3MM,,,,,,,,,,
R94ri2N1Axs,,,,,,,,,,
QvUVNT7Vqd8,,,,,,,,,,
8P5KX_Pu854,,,,,,,,,,
dVFvvkVCBC8,,,,,,,,,,
Zp2XXOQJ1vo,,,,,,,,,,
h8quqZR0CT8,,,,,,,,,,
ubt4wZTuWvw,,,,,,,,,,
-vuG8mxLDfs,,,,,,,,,,
kNYWUsbwnv4,,,,,,,,,,
qxgJKGq6uwA,,,,,,,,,,
VJ9E_Td0_dk,,,,,,,,,,
-Elrv1A-wmM,,,,,,,,,,
3f6f20UkVmM,,,,,,,,,,
_LyX0W1PAgw,,,,,,,,,,
B1nOIHzg3s4,,,,,,,,,,
auC_LgwFF8g,,,,,,,,,,
lDEWMw7lbWg,,,,,,,,,,
xBjb5VwIo-I,,,,,,,,,,
DDoj17bOxps,,,,,,,,,,
iGrqyz07Mp8,,,,,,,,,,
PhBbjuhFHFo,,,,,,,,,,
YqqFMP32S-A,5.318,5.776,9.849,10.025,,,,,,
-J-26OD2Qr0,0.039,1.373,9.879,9.922,,,,,,
MbXTTqy_dA0,9.326,10.022,,,,,,,,
_siCCC2og5A,1.765,2.695,4.441,6.985,8.628,10.021,,,,
kPcMXf_nPPU,2.448,3.587,,,,,,,,
TM9rc0zFmTc,0.052,1.405,4.811,5.128,9.617,10.022,,,,
oYdWhb0eTh4,0.039,4.092,,,,,,,,
Q4t3lSzjYEY,0.428,7.199,,,,,,,,
JR0F7A42yRU,3.406,5.475,6.234,6.538,8.886,9.935,,,,
ep1vC7M68Ro,2.815,5.415,,,,,,,,
T4KG_cWNgs8,5.085,5.396,7.191,9.726,,,,,,
ULlApJooXnU,7.162,9.282,,,,,,,,
b3QWaD4Cy8M,2.929,9.138,,,,,,,,
aT3b4INWCAo,0.528,2.993,,,,,,,,
cFjdY5KkcxU,3.255,3.359,9.045,10.021,,,,,,
u9c3J_hRMEY,3.391,6.081,,,,,,,,
XKla1jr5K0U,6.504,8.331,,,,,,,,
_V8Z79_n9qE,0.092,7.194,,,,,,,,
EhCilHVTXY8,0.741,0.867,,,,,,,,
JxuBS3wDuTE,1.867,3.995,,,,,,,,
b3Ucx5JmMlw,4.507,5.771,,,,,,,,
hu8EaXuYXus,1.278,5.689,7.401,9.403,,,,,,
yomSc8gxbSc,3.554,5.175,,,,,,,,
eBoYyxGxu9c,7.738,8.529,,,,,,,,
FJYtfDaul-Q,5.914,9.962,,,,,,,,
CNZ1QCOg58s,1.693,7.331,9.115,9.956,,,,,,
4AqmCOZP1zg,0.217,9.876,,,,,,,,
9rYMJr--heQ,0.061,10.021,,,,,,,,
Qz0EG07EU_0,2.883,5.355,,,,,,,,
ccn1AvP_UnM,0.164,3.218,5.215,6.335,,,,,,
qyzt7i-faAM,0.038,10.019,,,,,,,,
ObLRKSNVrh4,7.993,9.786,,,,,,,,
B98wkZ6Mt4U,0.051,10.024,,,,,,,,
5GuegDzCgw4,4.421,6.732,,,,,,,,
DuCPGAHfxjI,8.981,10.024,,,,,,,,
Lb30PEc6a70,5.625,7.998,,,,,,,,
SqUsPzfwYno,5.053,6.184,8.698,9.601,,,,,,
9kPuCyiDVqE,5.758,10.023,,,,,,,,
ocNHPhhUUus,2.129,8.883,,,,,,,,
yBVehT0fx1U,1.817,3.548,5.931,6.175,,,,,,
NyiAT1Giu9A,0.051,0.929,1.489,4.336,7.994,9.581,,,,
BXWWHXp00ls,0.045,10.025,,,,,,,,
IIc1kF_a47I,0.051,10.021,,,,,,,,
SJym7L3ESXA,1.924,2.211,,,,,,,,
sl1MkTiYIWM,0.058,5.851,,,,,,,,
4hOXlcm1mDc,0.298,2.835,5.743,6.546,,,,,,
xo_OAa7DgK8,0.356,0.613,2.414,3.128,5.044,6.108,7.929,8.473,,
QvSoTeKT-jI,0.047,0.545,,,,,,,,
OEaVwIyOKaQ,6.163,6.636,,,,,,,,
1TbSN_-W8Lg,0.248,9.325,,,,,,,,
QPrMSt2Yz98,2.228,2.615,7.218,7.876,,,,,,
dzw90QYk27g,2.555,3.179,,,,,,,,
ZYpGqHLTh6k,2.517,3.543,6.141,7.214,9.199,10.019,,,,
IXskfvyWhvg,5.557,6.562,,,,,,,,
fNC-Ug3Ilug,7.357,9.283,,,,,,,,
y-Z33QXsLWU,0.747,1.945,5.248,5.996,,,,,,
by3bOMQRKvE,1.987,10.022,,,,,,,,
5_ci99GzDsU,0.054,0.938,1.271,1.576,,,,,,
yK7tFxqiwzY,0.055,7.912,,,,,,,,
JH5AkG-_ed0,1.769,2.525,4.268,4.439,,,,,,
4epl0cI2-Ew,1.098,3.888,,,,,,,,
StlA0hfJCqM,0.909,1.311,,,,,,,,
G2wYdSa3cCk,0.037,10.022,,,,,,,,
COKY7L55Qag,2.254,2.589,4.502,6.233,7.161,7.799,8.772,9.325,,
NADg1fdf6Y8,0.047,1.036,3.901,10.021,,,,,,
Oy6P88XIOvs,5.805,6.682,9.411,10.017,,,,,,
7Ke9X53j1Rc,0.924,10.017,,,,,,,,
sMNsUYXNbpA,1.798,3.098,5.886,6.919,,,,,,
Me-nW_AryqQ,0.054,10.023,,,,,,,,
htmuNeT0_8M,5.061,8.879,,,,,,,,
H36ivy_-2_M,0.133,0.629,2.651,7.897,,,,,,
Q0QweJ-e6no,2.074,2.315,6.648,7.807,,,,,,
f8WvXUb5W0Y,0.663,10.024,,,,,,,,
_kXKKxPQkk4,0.136,10.023,,,,,,,,
pIA8ExXOJ9k,2.749,10.025,,,,,,,,
yMHnzpWkpGY,0.056,2.583,4.126,10.026,,,,,,
uOu5aalETFo,7.683,10.017,,,,,,,,
Dto3eicO0zo,0.041,0.985,6.401,6.817,9.605,10.021,,,,
zJxqIiKd3wM,0.042,0.378,8.229,8.639,,,,,,
sLHYvqfduwU,1.455,5.761,,,,,,,,
h17WQzijZME,2.876,3.191,,,,,,,,
K7zQcM8-IJM,5.308,6.481,7.134,8.036,,,,,,
aTgD1u25sNE,2.081,2.378,,,,,,,,
HoQkWNwc7mk,0.874,10.025,,,,,,,,
S9Dml-ioESk,6.537,10.025,,,,,,,,
saAxrAw-pNU,0.649,0.796,1.807,2.481,4.993,9.969,,,,
-z-1R1VxTZo,6.427,9.071,,,,,,,,
QfJh9vda4YI,7.376,9.207,,,,,,,,
r6b6KrFFCik,0.051,10.015,,,,,,,,
USlCCt8En7A,7.437,8.971,,,,,,,,
sTrqiBbExhs,0.366,5.867,,,,,,,,
mPNvz9Wj-Nw,2.023,3.112,4.622,5.689,7.208,8.884,,,,
F7OvCyPoEMM,2.523,3.832,8.139,10.023,,,,,,
pwr4CjY3kwY,2.001,2.948,3.763,4.339,5.813,6.484,,,,
ZKfwENg2PhU,0.054,10.023,,,,,,,,
hHtDTcXgKvw,0.041,2.491,6.796,10.018,,,,,,
hZeuXax7w9k,9.013,10.017,,,,,,,,
iKFFkD5KTGs,2.875,3.426,5.286,5.666,8.323,9.367,,,,
TYS0vFAnB4Q,7.022,8.817,,,,,,,,
fbWtQ2GWKDk,0.469,1.108,,,,,,,,
4-FmRITNo1M,,,,,,,,,,
c4_AaYfdxMI,,,,,,,,,,
KohhvyrKGaw,,,,,,,,,,
wDtMc1sHx0I,,,,,,,,,,
3C5aNXYX7OM,,,,,,,,,,
Z_AKpY3q8M0,,,,,,,,,,
rqd9JJ2iEFY,,,,,,,,,,
xdjA0WWAmi4,,,,,,,,,,
gq7ZBPNN2yQ,,,,,,,,,,
KtA4hiq5FBk,,,,,,,,,,
5XKAszJ9h8o,,,,,,,,,,
xMUsiQ8nxIM,,,,,,,,,,
mp7zoHTp-ro,,,,,,,,,,
JbdXry_8Oh4,,,,,,,,,,
Tqd7YTwQAWs,,,,,,,,,,
5Y1Fi6KWvYM,,,,,,,,,,
XS-fvurw7hA,,,,,,,,,,
h4c4r3cYjGM,,,,,,,,,,
l9XkKJGIiAo,,,,,,,,,,
K9_jvU3WG90,,,,,,,,,,
ijJg9KA_zw4,,,,,,,,,,
zqyRZiQG0OE,,,,,,,,,,
Axpt1fGQiKE,,,,,,,,,,
0IpjEqzfvdY,,,,,,,,,,
Y735cxoG5-4,,,,,,,,,,
vhb_dDwMCGQ,,,,,,,,,,
HM09kwJSbyk,,,,,,,,,,
7ARVgI_wx5Y,,,,,,,,,,
SYW7v21e5Lk,,,,,,,,,,
d0VnBP36O9w,,,,,,,,,,
hcI8rwJX04w,,,,,,,,,,
7HAhIIdg69c,,,,,,,,,,
v9DhSUQbmMA,,,,,,,,,,
uZ2jEu_qONc,,,,,,,,,,
wcRpKta00nY,,,,,,,,,,
YnM8I76SWY8,,,,,,,,,,
Y8rAQEx0BJo,,,,,,,,,,
KX82TFIhkBU,,,,,,,,,,
vMSjr7OtlzI,,,,,,,,,,
w-BpdU227dI,,,,,,,,,,
3ifbvZO4S6s,,,,,,,,,,
o8LPsj3hgPc,,,,,,,,,,
bgl8r_eRI1I,,,,,,,,,,
YHC_3D6bSqI,,,,,,,,,,
y7Evz9SD8MA,,,,,,,,,,
zl6T-7zzQd0,,,,,,,,,,
k-raxJuPXKg,,,,,,,,,,
YnRvyf7Jmt8,,,,,,,,,,
5eihlm59U4Q,,,,,,,,,,
gijTb49Pwyc,,,,,,,,,,
X8c8FDdhKbA,,,,,,,,,,
bpwsd9wZiKk,,,,,,,,,,
eg4QmXoWA8s,,,,,,,,,,
ptOLbOTYh3M,,,,,,,,,,
qgi1e6I2EVU,,,,,,,,,,
lCGEittF80c,,,,,,,,,,
9-MR9ee7V98,,,,,,,,,,
crqHIFytTNI,,,,,,,,,,
oQPypgY6gn8,,,,,,,,,,
lJ9Dbwz-MXk,,,,,,,,,,
mJgULzfw0aU,,,,,,,,,,
Ez_Q-DLuWfM,,,,,,,,,,
QJd4ZiCc7zU,,,,,,,,,,
SG3UEJYa298,,,,,,,,,,
FDCETc0FXq4,,,,,,,,,,
NULglzkuJD0,,,,,,,,,,
35twa_Mflb4,,,,,,,,,,
1zZupqiYDCs,,,,,,,,,,
_4HKv8Mhqyw,,,,,,,,,,
ZcZYEojbaPo,,,,,,,,,,
6vR0uox4iOk,,,,,,,,,,
xRCQuuTRDqA,,,,,,,,,,
R3U_bjnVyHo,,,,,,,,,,
AsbkqTYadPw,,,,,,,,,,
1yw6rD8p9rI,,,,,,,,,,
rnfFooB5NZA,,,,,,,,,,
Jwo-2ljdpXk,,,,,,,,,,
GfXOTHsXxfY,,,,,,,,,,
0nfvljVJo14,,,,,,,,,,
BgMMbz6zDzc,,,,,,,,,,
4gfLeTZOmu8,,,,,,,,,,
52y_0oUYQps,,,,,,,,,,
oVSoTOnFGV8,,,,,,,,,,
p4DCD5HQjnw,,,,,,,,,,
Wtcq4hUciM0,,,,,,,,,,
IHCrpZ6izPQ,,,,,,,,,,
kTLGvp3VFO0,,,,,,,,,,
MhoKYk_TaII,,,,,,,,,,
78aQzV_MJWE,,,,,,,,,,
YRmA1BoqXsc,,,,,,,,,,
fDLyhmA3Bxs,,,,,,,,,,
b0_KkxWiRWE,,,,,,,,,,
TibcKCZEDGQ,,,,,,,,,,
Lc24bYwlPjA,,,,,,,,,,
KvCk1wsB9IA,,,,,,,,,,
YU1T92otSY0,,,,,,,,,,
fl4vi9x9acs,,,,,,,,,,
mK2Z7uQkag0,,,,,,,,,,
f1K25n87vJU,,,,,,,,,,
Cqhx56KJFCg,,,,,,,,,,
stEBTHdA0j0,,,,,,,,,,
-ThUDfEiCUw,,,,,,,,,,
qR3fJNSRvJ8,,,,,,,,,,
OidRwhN8UWo,,,,,,,,,,
JuEIkNoxbN4,,,,,,,,,,
aoNUCasKjoA,,,,,,,,,,
TB02v2AfdbE,,,,,,,,,,
nzEo59X-j10,,,,,,,,,,
kY9d7K4MXDw,,,,,,,,,,
fS14ZwUF_TM,,,,,,,,,,
8u16dnwSrjs,,,,,,,,,,
b3ByvFGRSRY,,,,,,,,,,
vDhJ3s-6Odk,,,,,,,,,,
Wpmy1XWWt_w,,,,,,,,,,
AxbidyMn0gQ,,,,,,,,,,
6y2qUFBuZtU,,,,,,,,,,
XPD0WgFfzXA,,,,,,,,,,
IeSRyZwMGKA,,,,,,,,,,
W5jD255HJMM,,,,,,,,,,
LP_OqFGPY8k,,,,,,,,,,
91Yfzb8a1ow,,,,,,,,,,
r15ZSm3UpeQ,,,,,,,,,,
hk_yA5qLh8w,,,,,,,,,,
sYouNLLNZ_Q,,,,,,,,,,
jNR3El0eBZc,,,,,,,,,,
GhP4Vy8Gqgs,,,,,,,,,,
pybpK4api6U,,,,,,,,,,
14Y72r4KHos,,,,,,,,,,
NfAEXcoty7o,,,,,,,,,,
epe_M7kaSwk,,,,,,,,,,
HWmpRwucLbY,,,,,,,,,,
wGBYlR12XP0,,,,,,,,,,
UsYQwxgUTdI,,,,,,,,,,
yYSgqCC4Vek,,,,,,,,,,
P4qIUsnyr9g,,,,,,,,,,
WxPghkcuhuE,,,,,,,,,,
XA3tLA0SaIc,,,,,,,,,,
IufrxOtapVA,,,,,,,,,,
-QgDuU3hUYQ,,,,,,,,,,
UKxwpmKWNAg,,,,,,,,,,
xTTHf44kHyM,,,,,,,,,,
nUBOpndM8qM,,,,,,,,,,
uAzg4PDcyyE,,,,,,,,,,
va4kuPaFtb8,,,,,,,,,,
RWLNxj6qGUs,,,,,,,,,,
Z4vDkLwCdNI,,,,,,,,,,
ODEQzbUQH0A,,,,,,,,,,
1uyZNb7V7Bs,,,,,,,,,,
fxL2VXuPDxg,,,,,,,,,,
arOcf_3MYPQ,,,,,,,,,,
W_GRkwbZOw8,,,,,,,,,,
xWs3njVJ9Zw,,,,,,,,,,
eexRPQwz2GM,,,,,,,,,,
1P2Diy8eV-w,,,,,,,,,,
c0V_HAul7rI,,,,,,,,,,
-4yy61BH-O8,,,,,,,,,,
_0vGPOwom7M,,,,,,,,,,
uVYbXz54yq8,,,,,,,,,,
bgcKiVGRSAM,,,,,,,,,,
C1Vh4MxKH64,,,,,,,,,,
cCsdzy04cEo,,,,,,,,,,
M5uNy802KDI,,,,,,,,,,
jiZ914zCZ2w,,,,,,,,,,
fImxxdrc4rc,,,,,,,,,,
ZqDpbnILGjM,,,,,,,,,,
Hx5FZvmPDNs,,,,,,,,,,
_Aes29PzaAg,,,,,,,,,,
vC1rGQHqKY4,,,,,,,,,,
Z-qQvkcxsjQ,,,,,,,,,,
G8rsuleSs-Y,,,,,,,,,,
kZ5laDkPk7Y,,,,,,,,,,
gjESFwtQuIU,,,,,,,,,,
JOqxG3u6Foo,,,,,,,,,,
pyKh38FXD3E,,,,,,,,,,
pTPGsQ-zJxk,,,,,,,,,,
qjD9cE9hE5Y,,,,,,,,,,
9nlK7PSQ_Aw,,,,,,,,,,
j6aqfy7E714,,,,,,,,,,
b4UcOSG9Wok,,,,,,,,,,
Akz96_r1-qA,,,,,,,,,,
f5r-bofA2HA,,,,,,,,,,
k1KzGLorCFs,,,,,,,,,,
9cv0DTiW5ho,,,,,,,,,,
Icy8HeqnwKo,,,,,,,,,,
CC8ZYGk63W0,,,,,,,,,,
WFh8ba4w2vw,,,,,,,,,,
XNUFx1nSs3k,,,,,,,,,,
ktbMfk3tzqY,,,,,,,,,,
UC6WDxcuDos,,,,,,,,,,
-AYwFAcUzSo,,,,,,,,,,
EJUNUPUFuj0,,,,,,,,,,
P874GhIephg,,,,,,,,,,
HhSeS_Tqn9Q,,,,,,,,,,
XSUbf0JxJL4,,,,,,,,,,
QNQl9bgRxFc,,,,,,,,,,
nFhAQKmZtdc,,,,,,,,,,
8P1xuiEysh4,,,,,,,,,,
KqDYlrPnIy4,,,,,,,,,,
fzFakU5LSwQ,,,,,,,,,,
IBnelTCAXKg,,,,,,,,,,
18L7Pi6Xw-w,,,,,,,,,,
E9tji_ww718,,,,,,,,,,
YtXoP85bfF8,,,,,,,,,,
vc_aG1J_DTY,,,,,,,,,,
g7lHjmC-NRQ,,,,,,,,,,
1L_OyngNZMA,,,,,,,,,,
QafkL-gRZ7Q,,,,,,,,,,
wtKUOmbrwuw,,,,,,,,,,
njPiO_XK8Qs,,,,,,,,,,
IyDMlQ0EEHw,,,,,,,,,,
lZwoKiiXsMg,,,,,,,,,,
MuJwmPPu__Y,,,,,,,,,,
O8BsPrP-YRY,,,,,,,,,,
lQPxJ3M0Ves,,,,,,,,,,
kxirwP8Idn0,,,,,,,,,,
3a-Qgxgl_wE,,,,,,,,,,
PTQT_AbRe3c,,,,,,,,,,
GFqMf1EK_GU,,,,,,,,,,
K_UEfqjZcvc,,,,,,,,,,
CTZK_7py_4w,,,,,,,,,,
qiCQlMSpjxw,,,,,,,,,,
b_Gz4Cu-jY0,,,,,,,,,,
XudafKb_VEc,,,,,,,,,,
7TaA0lnH2r8,,,,,,,,,,
YFbgckiFGcc,,,,,,,,,,
r56PXyxKOMI,,,,,,,,,,
B_SryRe15GU,,,,,,,,,,
cCBn7TusbnM,,,,,,,,,,
n5XsHCQ61-8,,,,,,,,,,
qqyXi_PMZak,,,,,,,,,,
me0UHkE__WI,,,,,,,,,,
wk27-3QHFwM,,,,,,,,,,
vq4jQd5-PL0,,,,,,,,,,
7i-UktuERps,,,,,,,,,,
cxSnmTXv-Y4,,,,,,,,,,
mjYavwHWPcU,,,,,,,,,,
vnTFJ7wUawE,,,,,,,,,,
YlUD43I9GwA,,,,,,,,,,
svkcURmMvU4,,,,,,,,,,
yVoYzNINzYU,,,,,,,,,,
GMgECM5nWp8,,,,,,,,,,
G-kDNAz1vy0,,,,,,,,,,
vtcIO82m94s,,,,,,,,,,
JYBN25WI09w,,,,,,,,,,
WKnUfD7Yldg,,,,,,,,,,
Gi60-rBcXA0,,,,,,,,,,
I38lME_HOuM,,,,,,,,,,
TzLgiTQRI5Y,,,,,,,,,,
ONiSypM9h2Y,,,,,,,,,,
f1Atjj8tOwc,,,,,,,,,,
aJgSYx_A3J4,,,,,,,,,,
tjY9YuMSOTU,,,,,,,,,,
EFgX48K86LE,,,,,,,,,,
9o_6VVLL3DI,,,,,,,,,,
gWdQ3rSEC_c,,,,,,,,,,
FKhCNVcfCDg,,,,,,,,,,
fEY4QOAqhYU,,,,,,,,,,
u1ZmZLDCsMk,,,,,,,,,,
wBxnwrz1TmU,,,,,,,,,,
9ka087SgS9Y,,,,,,,,,,
jCqMqtMThMw,,,,,,,,,,
F5O_qJoG0XU,,,,,,,,,,
vMEvRkfYHF8,,,,,,,,,,
XMpykH0EEjE,,,,,,,,,,
l4Kr6O64bYs,,,,,,,,,,
Cvwyf4tOrqc,,,,,,,,,,
S4EajoETOmw,,,,,,,,,,
g_Z2w6mvjbA,,,,,,,,,,
y-1TFoQcdHk,,,,,,,,,,
2hybynw87OI,,,,,,,,,,
0C8veLHkEbo,,,,,,,,,,
0uJFVlaLwJ4,,,,,,,,,,
FTdjk9H7tpc,,,,,,,,,,
CyHcfIABscw,,,,,,,,,,
1TA1MPcKjiY,,,,,,,,,,
025wYGIVcgg,,,,,,,,,,
XjiXOid8V3I,,,,,,,,,,
ggtCRHvvK4w,,,,,,,,,,
nyUZGLhIgio,,,,,,,,,,
qqkFrFb8P7k,,,,,,,,,,
ziBUk_08-ew,,,,,,,,,,
SXdGCoe3g5c,,,,,,,,,,
tlZx0R63PIM,,,,,,,,,,
t19aopTbvPM,,,,,,,,,,
sG75_ht1IWE,,,,,,,,,,
_YYABE0R3uA,,,,,,,,,,
_NeHhqNMxPY,,,,,,,,,,
TzcNkmY6JoE,,,,,,,,,,
iVUGU72Tfbo,,,,,,,,,,
Vipzf5d6rL8,,,,,,,,,,
pW9JI4yi16k,,,,,,,,,,
pfagnqqcZuU,,,,,,,,,,
1U7NeZw1zT0,,,,,,,,,,
1cNUKYCvU9s,,,,,,,,,,
0asdEtc9_3s,,,,,,,,,,
AVSbMXx6wu8,,,,,,,,,,
qXPQaAYNCfo,,,,,,,,,,
p4pw_GFClig,,,,,,,,,,
LWXpVcS3JmQ,,,,,,,,,,
ZltRONHFuP4,,,,,,,,,,
uBjF8EEZxQ8,,,,,,,,,,
aVZzTYUcLdw,,,,,,,,,,
-T_uw2LeDWU,,,,,,,,,,
cFtSCyjMhXo,,,,,,,,,,
Tpe6oPhJ2Fk,,,,,,,,,,
qNjH5ihchlk,,,,,,,,,,
rcFtQd9Rv1k,,,,,,,,,,
Hc1w3l_WMZg,,,,,,,,,,
rBidf6rQi8U,,,,,,,,,,
5bcG8Oif0JI,,,,,,,,,,
TEFwV5zY3Wk,,,,,,,,,,
dZPukeFDDd8,,,,,,,,,,
IJKcD7SJm_k,,,,,,,,,,
oliP4qc7yF0,,,,,,,,,,
EzmNilLZJ6M,,,,,,,,,,
k2XKcfRLbo8,,,,,,,,,,
i7Vv2sJy7Ag,,,,,,,,,,
hcfj5h_bGWI,,,,,,,,,,
4B2-VG2MbXo,,,,,,,,,,
UtKf_GBqAgk,,,,,,,,,,
TwFOr5SzYEA,,,,,,,,,,
97L82GP65Ck,,,,,,,,,,
oqT3pTJFv5k,,,,,,,,,,
guvnNwCkhcs,,,,,,,,,,
s59kr2NcZDw,,,,,,,,,,
a1b6rzzoMco,,,,,,,,,,
G-ayKkWB_rY,,,,,,,,,,
Z4_h-zVEejI,,,,,,,,,,
ZdXARmyYbB4,,,,,,,,,,
piwzGI1_O2g,,,,,,,,,,
VbjcvD2YO6k,,,,,,,,,,
aY3LHD1vUX8,,,,,,,,,,
56JhihsdBXI,,,,,,,,,,
gkkbhbIUfUE,,,,,,,,,,
Zmw8B1QWfpg,,,,,,,,,,
XIHer00435w,,,,,,,,,,
C5RTQ5jnCGg,,,,,,,,,,
P3zHRrrOT4c,,,,,,,,,,
jhaLogJhrls,,,,,,,,,,
GdoRtJvdVww,,,,,,,,,,
DPWWS1X2yzg,,,,,,,,,,
nLWTkhEy9XE,,,,,,,,,,
I_E5FmPkq-M,,,,,,,,,,
mLJPOwsFzhM,,,,,,,,,,
g8hljECTrk0,,,,,,,,,,
tyz_Pk3b7gg,,,,,,,,,,
s_Z-tq42cOE,,,,,,,,,,
qrD2ypgiHgg,,,,,,,,,,
O5jE_tnvzg0,,,,,,,,,,
FiLrNWKwYNM,,,,,,,,,,
ns0EvV1hd_g,,,,,,,,,,
6Dali4EoF64,,,,,,,,,,
87QdYD4TCC8,,,,,,,,,,
R1lZRWAnSzI,,,,,,,,,,
Ej0YJGmT418,,,,,,,,,,
ZK_E8-Cq5sU,,,,,,,,,,
wFAGftYqEdg,,,,,,,,,,
xwdanunAmY8,,,,,,,,,,
WcmqC_52404,,,,,,,,,,
KjoB4wY1U3k,,,,,,,,,,
kwRiH4GkYgI,,,,,,,,,,
wQiQ2wovE4w,,,,,,,,,,
W2pjqvjnTiI,,,,,,,,,,
kRA2YiETMSI,,,,,,,,,,
dN_t2dalWPU,,,,,,,,,,
oW1fv2aTH_c,,,,,,,,,,
VLNKqrVmD9g,,,,,,,,,,
w9o9M6XtCYA,,,,,,,,,,
4jmv1XpnR90,,,,,,,,,,
AUw4xXBZ2i8,,,,,,,,,,
jOOG8bi02cY,,,,,,,,,,
rPu7ppZVTuU,,,,,,,,,,
g_PCllXKl74,,,,,,,,,,
B2EMqzpSVa0,,,,,,,,,,
O24JHcEUsKw,,,,,,,,,,
8VB7oNmV1Lg,,,,,,,,,,
T5tTQXhoWYg,,,,,,,,,,
GFujszwmkuA,,,,,,,,,,
KI9ZvJT2CdM,,,,,,,,,,
qmiJxajaB5s,,,,,,,,,,
-DzUDgNOPDw,,,,,,,,,,
k88r3zjb7g4,,,,,,,,,,
ma_mamqzSFg,,,,,,,,,,
tP3YO6yp6n4,,,,,,,,,,
d8U0js8YANI,,,,,,,,,,
MkrdxWgoYrw,,,,,,,,,,
WlhZr_YYLPI,,,,,,,,,,
RQXjQehzBr4,,,,,,,,,,
eh5rg8LNKxs,,,,,,,,,,
L_B5gvtHrbc,,,,,,,,,,
-xHSqG40NoM,,,,,,,,,,
I9xOrk-vBqY,,,,,,,,,,
kpqdiOO8_EE,,,,,,,,,,
ajylMACjnJo,,,,,,,,,,
YowhhN2YID0,,,,,,,,,,
sKHewcx-_mE,,,,,,,,,,
6xdkQ1-wEfw,,,,,,,,,,
ZqDZsbL-TlM,,,,,,,,,,
Zrt6XaGozeQ,,,,,,,,,,
2JqAxsE_oyk,,,,,,,,,,
Yg8yr8pGwlE,,,,,,,,,,
bWb7maOK2N4,,,,,,,,,,
bwrvVDnCXFE,,,,,,,,,,
Mrvwx9_9Fus,,,,,,,,,,
0Y-weqqGWF8,,,,,,,,,,
MjVeChuw2uY,,,,,,,,,,
TyF5_EVsXZo,,,,,,,,,,
UEfewQ0-YCM,,,,,,,,,,
TXDKiFYMZS8,,,,,,,,,,
9N8dmAyGubg,,,,,,,,,,
rPV1mbwWms0,,,,,,,,,,
SfkLZAzEWHs,,,,,,,,,,
l9wIIJsLfWU,,,,,,,,,,
twdnno2e6lQ,,,,,,,,,,
d8EccddWlLE,,,,,,,,,,
CLGQ76jEYPg,,,,,,,,,,
fA1qyUJNPlE,,,,,,,,,,
7fPxYPWtJDI,,,,,,,,,,
_sl-M9QqmOM,,,,,,,,,,
MVDGpFGKQqs,,,,,,,,,,
nSwdOF3o-Zs,,,,,,,,,,
bUTY_c6S3VI,,,,,,,,,,
xalV3EdZk2E,,,,,,,,,,
b6xpPUfFXyE,,,,,,,,,,
o3rgX2w6tgI,,,,,,,,,,
eQhEi7-onXw,,,,,,,,,,
GJC2EcC73vs,,,,,,,,,,
AXXX5VAHOco,,,,,,,,,,
4VdV7ELQ9vE,,,,,,,,,,
rHjCq6n-BDI,,,,,,,,,,
EhhAhe9Du3k,,,,,,,,,,
xluRAQgzfPs,,,,,,,,,,
fEjSFKuosEw,,,,,,,,,,
658qdSect0U,,,,,,,,,,
SKDjSN6qx9k,,,,,,,,,,
xaMHJjmY8_o,,,,,,,,,,
S6DWKN_dBBc,,,,,,,,,,
yXZDVz-3ebg,,,,,,,,,,
Ch70wiHLGoY,,,,,,,,,,
QTpB-CDakzY,,,,,,,,,,
YKTpUdjTYjE,,,,,,,,,,
XeKzuoN62QM,,,,,,,,,,
jxg2vEmh6NI,,,,,,,,,,
M2WVhHYQvTM,,,,,,,,,,
m0AZlGhfh-Y,,,,,,,,,,
ClQRjRv8PCQ,,,,,,,,,,
nB89E9gRPuQ,,,,,,,,,,
nySy0lhKpBY,,,,,,,,,,
SAUXZSs_XcY,,,,,,,,,,
I6rHvpgV32g,,,,,,,,,,
aWn9KiAhQto,,,,,,,,,,
W5QwHjHf7fc,,,,,,,,,,
7OjT2Ux_Akg,,,,,,,,,,
kM0U_K6lyfI,,,,,,,,,,
4V3TFiHFqDc,,,,,,,,,,
AHdPmk8Ki0A,,,,,,,,,,
cIkZTwi6h5I,,,,,,,,,,
MMry-wMfBkc,,,,,,,,,,
KE3jOzdPU4g,,,,,,,,,,
rGcMjNk4Oe8,,,,,,,,,,
CSYHoXs_vpM,,,,,,,,,,
Lm_XL0MFae8,,,,,,,,,,
3ED1Q9v2w_I,,,,,,,,,,
sw1_PQt-3fE,,,,,,,,,,
DeLhxBo-HWs,,,,,,,,,,
JYeiD9zuQXw,,,,,,,,,,
cV42MqVKNZs,,,,,,,,,,
s99_7j_c2b4,,,,,,,,,,
spSUlTURraY,,,,,,,,,,
6JdXyDkRYpY,,,,,,,,,,
nXZJE7eJkj8,,,,,,,,,,
Ij2rKM8NUHU,,,,,,,,,,
Q4wKyzo8H5A,,,,,,,,,,
fxSaYNLCXOU,,,,,,,,,,
kV1-OzE78FE,,,,,,,,,,
D4xyJgS5geE,,,,,,,,,,
fy2Vuam04dg,,,,,,,,,,
DpI5ywDqdrE,,,,,,,,,,
zsFK7yvpNeg,,,,,,,,,,
9KSYuQul6YY,,,,,,,,,,
-j0JNQeUZO0,,,,,,,,,,
_8DVd3NKuTA,,,,,,,,,,
dGxsE1b-g8A,,,,,,,,,,
D-jAbma4lW4,,,,,,,,,,
VfMVfVxvvpU,,,,,,,,,,
86qpRin87X0,,,,,,,,,,
NoWflaqdvTM,,,,,,,,,,
NY0Hutswtb4,,,,,,,,,,
SwZ0V8bc2QY,,,,,,,,,,
GVXY1_pmDVo,,,,,,,,,,
cgaIBbeRLjY,,,,,,,,,,
oGf-eDCiQfg,,,,,,,,,,
NeKWdYoZyIs,,,,,,,,,,
MVcIHklcid0,,,,,,,,,,
5NERKBGfp9E,,,,,,,,,,
kxz2jSn5tMg,,,,,,,,,,
KliVsEcJ1Do,,,,,,,,,,
fb80G5HM_t4,,,,,,,,,,
bvkyYw3ShMc,,,,,,,,,,
_QBgP0QUL8Y,,,,,,,,,,
SBArB0RGe5o,,,,,,,,,,
-q4z3-tTFfs,,,,,,,,,,
yrps7h1De08,,,,,,,,,,
KJnxk_JZmQU,,,,,,,,,,
DxfkPstRbRI,,,,,,,,,,
6lkDEwWnwkI,,,,,,,,,,
bFr5f4f-UR4,,,,,,,,,,
Mn1k3aOGxnc,,,,,,,,,,
zv1ySnEmWwY,,,,,,,,,,
hOFGbJZ5aA8,,,,,,,,,,
76oNHURGTGk,,,,,,,,,,
HghGL6qQV-Q,,,,,,,,,,
TdKSLFyR86A,,,,,,,,,,
-E7V7enQN88,,,,,,,,,,
IdV4qjWcdT8,,,,,,,,,,
FyrUn8i_pH8,,,,,,,,,,
1v7rUl3JWkE,,,,,,,,,,
VwcaDl7eg30,,,,,,,,,,
2ZgnpjUvIt0,,,,,,,,,,
mA-GwNj_K4E,,,,,,,,,,
5OkrtSg9Xic,,,,,,,,,,
mzKUqN4vH3k,,,,,,,,,,
qGz8KEtJ1kI,,,,,,,,,,
VJO7j3NuwQY,,,,,,,,,,
AzKh6Z_TzfM,,,,,,,,,,
jP5dVuOGucc,,,,,,,,,,
oJwnw7xZLnU,,,,,,,,,,
bGazZPvrAfQ,,,,,,,,,,
lm1hg7-G7jI,,,,,,,,,,
LpYVJLhASis,,,,,,,,,,
C8oTB5_QNGs,,,,,,,,,,
teZBsGPRE18,,,,,,,,,,
vS7gi9eQIZU,,,,,,,,,,
7rOcVMlxPsY,,,,,,,,,,
CHJYVOXnd78,,,,,,,,,,
TWLNYolz3cY,,,,,,,,,,
LCtXkb70B2U,,,,,,,,,,
2lZm2Jz6zNs,,,,,,,,,,
ubkIRJT0ur4,,,,,,,,,,
_bnSWjeWnQs,,,,,,,,,,
Grurt0SNtGI,,,,,,,,,,
nZ3X1-Gnvpc,,,,,,,,,,
L2A4-nf0Qhc,,,,,,,,,,
4Zws6fTSvCs,,,,,,,,,,
NzfJh_JrKHI,,,,,,,,,,
ctHmQ16rCX0,,,,,,,,,,
yLGcTSCePzI,,,,,,,,,,
x0nBdLQlZoE,,,,,,,,,,
PP0DJtoW1Ks,,,,,,,,,,
NoOEjmc6mBA,,,,,,,,,,
PyDRvGF10jg,,,,,,,,,,
qtqN39fKfrc,,,,,,,,,,
lqeHb_00T1A,,,,,,,,,,
26pnyTxYj2E,,,,,,,,,,
GBrF03EvFdg,,,,,,,,,,
2XRKxHfv1kQ,,,,,,,,,,
b4D1p34jdT0,,,,,,,,,,
HBjf6_kRYEI,,,,,,,,,,
nE629AF3DiY,,,,,,,,,,
0WTV6V4Qllo,,,,,,,,,,
c0Cg4W5SxJg,,,,,,,,,,
GCxCTe-efCs,,,,,,,,,,
t4tttvVZ7F4,,,,,,,,,,
kRew7utPa9Y,,,,,,,,,,
b2_KKQBeDg0,,,,,,,,,,
-WW5fn_aMZ0,,,,,,,,,,
eE9G7JDoYrs,,,,,,,,,,
hXWpyaFFxxQ,,,,,,,,,,
bb6rmO0ybDs,,,,,,,,,,
rUHHnL_m_6I,,,,,,,,,,
OQ03THOKihY,,,,,,,,,,
oY_5RtXwMmE,,,,,,,,,,
Z-mK0bUxVU4,,,,,,,,,,
4e6-kACtl6A,,,,,,,,,,
6AMsItUOTB4,,,,,,,,,,
0KcX9-GlME0,,,,,,,,,,
OPokbAu_lX0,,,,,,,,,,
AAZK4sziMrU,,,,,,,,,,
h0M4RS8p_mo,,,,,,,,,,
g-t2t6oBmrI,,,,,,,,,,
RXKPu_be8RA,,,,,,,,,,
8BcfZcnSp0w,,,,,,,,,,
yxqDTkW_u68,,,,,,,,,,
tXtZ0h5R9q8,,,,,,,,,,
npZuJvKiggY,,,,,,,,,,
YJL4vEW0s0I,,,,,,,,,,
ZEi7YZyTI5E,,,,,,,,,,
oshrZMxWocY,,,,,,,,,,
5oyLICcUWyM,,,,,,,,,,
5pDb76g6Jos,,,,,,,,,,
apAAyBEcDng,,,,,,,,,,
grO8CTsdg_8,,,,,,,,,,
t_acOLqB9ZA,,,,,,,,,,
koxHEywXrDM,,,,,,,,,,
1_OtJdpEFdM,,,,,,,,,,
rUVnwlfYJKo,,,,,,,,,,
OPmLfYDig_Y,,,,,,,,,,
j0-8weIyIDM,,,,,,,,,,
GmSRrVeax5o,,,,,,,,,,
v0L9EvkDJ58,,,,,,,,,,
lkNWjslxK1g,,,,,,,,,,
yM6RCMcX4Bg,,,,,,,,,,
8yY2r4Kxz_Q,,,,,,,,,,
1GOmgGwbJsY,,,,,,,,,,
irhhEUeqfkI,,,,,,,,,,
Ej6G_tnR3bU,,,,,,,,,,
AocPl31STvQ,,,,,,,,,,
9dXr81uUENs,,,,,,,,,,
a72xyXbA6YI,,,,,,,,,,
pj3-YgklaOI,,,,,,,,,,
d66SNHxOBTE,,,,,,,,,,
bDV_pqzf0Is,,,,,,,,,,
AGceLbu6UsI,,,,,,,,,,
Sgo3iJvWzaE,,,,,,,,,,
S02X-mdroKY,,,,,,,,,,
C12JMz2DDUc,,,,,,,,,,
XmUFlLitSTk,,,,,,,,,,
FJ7dZpVKM7Q,,,,,,,,,,
ndl23KvbizU,,,,,,,,,,
2KJxr0CvtY8,,,,,,,,,,
MfPiJ9y4gOI,,,,,,,,,,
0UnibMux_ac,,,,,,,,,,
vEYZmFMpfE0,,,,,,,,,,
IX4LNTwJSfI,,,,,,,,,,
GZUNInJflVw,,,,,,,,,,
J2BiB_KNHi0,,,,,,,,,,
jZVt91QHH0o,,,,,,,,,,
k-yl0_6QM5M,,,,,,,,,,
shLZd_GzUI0,,,,,,,,,,
IyHMju6kEdI,,,,,,,,,,
D-66Ih8nyMQ,,,,,,,,,,
mL6MvU7jCbs,,,,,,,,,,
hCoIUoK9xIg,,,,,,,,,,
5xv2yapusaE,,,,,,,,,,
QhvmC_7G9zk,,,,,,,,,,
yEr6UM6PDqw,,,,,,,,,,
n9kyc2Axy40,,,,,,,,,,
llpFRCNICw8,,,,,,,,,,
hVOEesEabN8,,,,,,,,,,
IVSqnrOuGjQ,,,,,,,,,,
sZDcU6oTUMc,,,,,,,,,,
xYsQUYT4ehM,,,,,,,,,,
syndUm60-h8,,,,,,,,,,
ChrhIvYsU0g,,,,,,,,,,
IcZ1gMwxrZA,,,,,,,,,,
I9yrXYO2rjk,,,,,,,,,,
OwS8f-KCof4,,,,,,,,,,
S_E3v0UGo64,,,,,,,,,,
UEpu4jqSVE0,,,,,,,,,,
YpoKNg0QPx8,,,,,,,,,,
aC09lsqGxQk,,,,,,,,,,
cPOSfJ0i274,,,,,,,,,,
uSO9jhAPj70,,,,,,,,,,
wikWJ7dGh-Y,,,,,,,,,,
pK-cztM_rwA,,,,,,,,,,
DDzZsupfFbk,,,,,,,,,,
FcFuihG0uCg,,,,,,,,,,
2KY4D6r2u7g,,,,,,,,,,
CkTJuTsYf14,,,,,,,,,,
4e-qMxrus0A,,,,,,,,,,
DJC1vdVJUn4,,,,,,,,,,
YW-FT49k7Cw,,,,,,,,,,
mbq_G1uNVrU,,,,,,,,,,
IywfH5PMhug,,,,,,,,,,
QyQuUouIVXc,,,,,,,,,,
ngePln8bl3c,,,,,,,,,,
y8RLuQSVMrI,,,,,,,,,,
Jq4Pt1d1ZFo,,,,,,,,,,
RfPYr3KNIMM,,,,,,,,,,
Su5CjXm7M3c,,,,,,,,,,
5yTEwp8xWQE,,,,,,,,,,
5hAsOJwsUWY,,,,,,,,,,
OWnUAFNYHx8,,,,,,,,,,
BAOffCS3Zic,,,,,,,,,,
kqcsBeCOoVU,,,,,,,,,,
JEa-6-b8yp8,,,,,,,,,,
ce2MhfilYCY,,,,,,,,,,
mAYYZ3nNhh4,,,,,,,,,,
uR_avhFBd5U,,,,,,,,,,
XqpfNe8wK5k,,,,,,,,,,
0DPHC547TJ8,,,,,,,,,,
4Il_1KO7OKw,,,,,,,,,,
Zu7BkwOJptk,,,,,,,,,,
zaDs956Loao,,,,,,,,,,
owd1JtxTpX0,,,,,,,,,,
4Q6g7zkzNAw,,,,,,,,,,
odSoTsRIDlo,,,,,,,,,,
L3wCSqsYHfU,,,,,,,,,,
pL08pJYxNUI,,,,,,,,,,
9FOxcwocgJA,,,,,,,,,,
4fQ_DaVOeAM,,,,,,,,,,
CS-1H7-bJ-I,,,,,,,,,,
m-OG3b5qqUs,,,,,,,,,,
CrlVjTHAhDM,,,,,,,,,,
lNZ4WemX904,,,,,,,,,,
6MzrZsbpIv4,,,,,,,,,,
ZfGHwS5ZcqY,,,,,,,,,,
TI1TMz_zcQg,,,,,,,,,,
gC7yCsD01yw,,,,,,,,,,
-Oy_wYXdNLM,,,,,,,,,,
lshbS20yM6g,,,,,,,,,,
yarcAIPawZs,,,,,,,,,,
GhOXDKsmewM,,,,,,,,,,
omhHMGXh_Jk,,,,,,,,,,
fnKej55BwXg,,,,,,,,,,
hembQNwCpbo,,,,,,,,,,
GB4B9Gsfyqo,,,,,,,,,,
V4xRmBskH74,,,,,,,,,,
GnFmbK43kU4,,,,,,,,,,
SufzWVHK694,,,,,,,,,,
8l1O2kyuZys,,,,,,,,,,
TsivpQE68yk,,,,,,,,,,
TwBcKue44BI,,,,,,,,,,
TpFkcHJNPy8,,,,,,,,,,
MFfsk4l5DQ0,,,,,,,,,,
wd5uFMpkrEo,,,,,,,,,,
GXLEKU6K1uI,,,,,,,,,,
Lu9bfIQUVKw,,,,,,,,,,
Alb9RbrZDnc,,,,,,,,,,
OCW6ZwxLZmc,,,,,,,,,,
dZje-wshTSs,,,,,,,,,,
OKRVO1q8Lik,,,,,,,,,,
16txnh0DuuE,,,,,,,,,,
B0p2v2kAkwc,,,,,,,,,,
FY31DbyYbjs,,,,,,,,,,
WQf3JmCIamc,,,,,,,,,,
qr--zN-UUQY,,,,,,,,,,
5Kn4j0qOgbg,,,,,,,,,,
Edh-Z_jrxb0,,,,,,,,,,
i1w_C3YxQEk,,,,,,,,,,
kSMmQm4flgE,,,,,,,,,,
BVCfa_5oCDg,,,,,,,,,,
jk1yO5b8Ng8,,,,,,,,,,
qt6qCql8INs,,,,,,,,,,
UqhUrL7B89o,,,,,,,,,,
Cd2OoHL5QjY,,,,,,,,,,
wMC2qmTR9JY,,,,,,,,,,
2Qz3ADRazjg,,,,,,,,,,
e9oV9PFkSkE,,,,,,,,,,
eFikrMyPpcE,,,,,,,,,,
1HUSdyXpY5A,,,,,,,,,,
BGizXLW1M-4,,,,,,,,,,
R3SiRmZLFhc,,,,,,,,,,
am3UFc23kJk,,,,,,,,,,
BucB22DWSk4,,,,,,,,,,
DNvQeY8q7qE,,,,,,,,,,
tnmoSBnXEWw,,,,,,,,,,
-fgpijuYZw8,,,,,,,,,,
FgKOQCcueIw,,,,,,,,,,
KBmc37VhBfw,,,,,,,,,,
DiV7Z_THBpc,,,,,,,,,,
C8I8uxb1Veo,,,,,,,,,,
zml2TJMle3g,,,,,,,,,,
ASucfq61c4s,,,,,,,,,,
i1Ppn7Zq_zc,,,,,,,,,,
eFrSaQbbRFU,,,,,,,,,,
GlH1DUQdjRs,,,,,,,,,,
Or3klN3WF_k,,,,,,,,,,
7AD1dKpFI9g,,,,,,,,,,
ed5m0edEMvY,,,,,,,,,,
QsSgazI89zs,,,,,,,,,,
Fn94fVXSch0,,,,,,,,,,
ee-HDPGJDR0,,,,,,,,,,
Ai1cYkg0yFo,,,,,,,,,,
yc4mmvlO39M,,,,,,,,,,
nDY1XeV5yyU,,,,,,,,,,
8ynjAtF5VnA,,,,,,,,,,
Y6EVXFZJUTY,,,,,,,,,,
rvO8ZxesByE,,,,,,,,,,
kSCRypenZ70,,,,,,,,,,
llsW_m5TnvQ,,,,,,,,,,
rbM_R9vkEr4,,,,,,,,,,
opqJ1SZmyGk,,,,,,,,,,
dPzPZ3vLNgE,,,,,,,,,,
TEPdrFO3bQo,,,,,,,,,,
T0fJu2ap-Ek,,,,,,,,,,
r4QpvEyJDKI,,,,,,,,,,
hst8VgnvHu4,,,,,,,,,,
FC9i2T9YIas,,,,,,,,,,
mPnPdC1-TJY,,,,,,,,,,
GE1aZSnPr2Q,,,,,,,,,,
ZhFdLtrnEKA,,,,,,,,,,
8m0QeMehQxA,,,,,,,,,,
o07rhGprtAU,,,,,,,,,,
Df943XEZ-Bg,,,,,,,,,,
AwwIj90pT3Y,,,,,,,,,,
S-AKvTAmWsM,,,,,,,,,,
lehPGCdtNmY,,,,,,,,,,
AmiHTW9VMLU,,,,,,,,,,
vxIVET821ts,,,,,,,,,,
6pMhgXYR56o,,,,,,,,,,
k91xx3U1bk8,,,,,,,,,,
NwRbLtF2WOo,,,,,,,,,,
pbVghRdZCxY,,,,,,,,,,
jr0VYyA1g7U,,,,,,,,,,
OTSNSA1XO1E,,,,,,,,,,
34Kls9r9378,,,,,,,,,,
QEmT8NWMZS0,,,,,,,,,,
PF4s1wzSx4M,,,,,,,,,,
cwSR9ftjhao,,,,,,,,,,
vI1CLG1bUuY,,,,,,,,,,
MG3g4sfSxXo,,,,,,,,,,
KyfOHgF15k8,,,,,,,,,,
dlfcu9I_nzk,,,,,,,,,,
UqpgzTeqZUU,,,,,,,,,,
o4x-VW_rCSE,,,,,,,,,,
NXVg3iJgsEs,,,,,,,,,,
UmN_EbHjZY4,,,,,,,,,,
62OIPM2ryqI,,,,,,,,,,
OryqOTjeJ4U,,,,,,,,,,
UGt_m6Zgk1M,,,,,,,,,,
Po1POk_M85w,,,,,,,,,,
qTgbaIjj3iE,,,,,,,,,,
hhPbukg0pKk,,,,,,,,,,
g4lBvkqqun8,,,,,,,,,,
rpgAx3SvdQQ,,,,,,,,,,
8WO5ziJ7TSs,,,,,,,,,,
9SJilvxS-Fo,,,,,,,,,,
Vy4WynRQptE,,,,,,,,,,
iI2y0Otk1SE,,,,,,,,,,
dXr3pX_2Scg,,,,,,,,,,
5yiuw0tTTPs,,,,,,,,,,
XcokpFA552A,,,,,,,,,,
tO_j4tdLRaA,,,,,,,,,,
vCDgUWA9Bfw,,,,,,,,,,
N9BJWkkHbKY,,,,,,,,,,
40WHgilHrlo,,,,,,,,,,
xqUS0p7It9M,,,,,,,,,,
SCV6o1mfDOY,,,,,,,,,,
KH01wpl0hHs,,,,,,,,,,
VLd_kBFHh_Q,,,,,,,,,,
bUT_1Mbhh0A,,,,,,,,,,
678gnMfGT6g,,,,,,,,,,
fmML5tlw5Z0,,,,,,,,,,
JXOoyZ_DxPU,,,,,,,,,,
YZocBSy2_Y8,,,,,,,,,,
geyipKVnlnc,,,,,,,,,,
WQCqtYJMCco,,,,,,,,,,
C5DjeaWmuQ0,,,,,,,,,,
Z2LG4gxn_j4,,,,,,,,,,
ij9ZJVb80oo,,,,,,,,,,
NNRA2T6KvEA,,,,,,,,,,
knVwftFS2M8,,,,,,,,,,
QzhBdfahDvg,,,,,,,,,,
QMBYQP3qq5Y,,,,,,,,,,
QuQCpfTW4_8,,,,,,,,,,
kysYsNgIC9Y,,,,,,,,,,
-vQ-rOrFzzA,,,,,,,,,,
82mLhaOURz0,,,,,,,,,,
o7cWEZgDh8Q,,,,,,,,,,
F-VFIls5RRA,,,,,,,,,,
83sEnUaCvn8,,,,,,,,,,
CYnUmA_zmcA,,,,,,,,,,
XPp2dQ2fBqk,,,,,,,,,,
_IjVZ50LcxE,,,,,,,,,,
xJQ1f8z977o,,,,,,,,,,
KZacwmq2liE,,,,,,,,,,
ZatGvtKsLPI,,,,,,,,,,
DswMJUw-2WU,,,,,,,,,,
-MYgL7-stMw,,,,,,,,,,
pQ1VWF_iVFM,,,,,,,,,,
ANfij8pISSQ,,,,,,,,,,
MUt7l5A9V9I,,,,,,,,,,
TFp4k1n_QfQ,,,,,,,,,,
9qkBxclC4KU,,,,,,,,,,
HTPSdnQ1kwY,,,,,,,,,,
_7FmDyEIr40,,,,,,,,,,
ubY1Ht-kZ1M,,,,,,,,,,
R-MnyOY54Dw,,,,,,,,,,
5W7wTubp29s,,,,,,,,,,
_gt9VVXW0CY,,,,,,,,,,
oPBrZeFpToY,,,,,,,,,,
CgeJM9cHXCE,,,,,,,,,,
Dhv71lcGnOY,,,,,,,,,,
pTUuSPGYq6Q,,,,,,,,,,
HetJgSuoJVQ,,,,,,,,,,
9ammTsJh0hg,,,,,,,,,,
CUQy7LmMuqo,,,,,,,,,,
CSxsC9SciRA,,,,,,,,,,
I2rQw2Xx-gA,,,,,,,,,,
AM0IH1SUJa8,,,,,,,,,,
vbGKwh-peL4,,,,,,,,,,
GuXl3alG8cs,,,,,,,,,,
I2A11dZIGnY,,,,,,,,,,
zzXc9Uu7lRE,,,,,,,,,,
qpwjPJT6QH4,,,,,,,,,,
AJuAt8cEYbA,,,,,,,,,,
LTHcFJdkiHQ,,,,,,,,,,
uUN4XpIpSOs,,,,,,,,,,
bsBLhMZaCUQ,,,,,,,,,,
nVaTNKKnVjY,,,,,,,,,,
sKglR9n1aFg,,,,,,,,,,
Da2lQJvt2xI,,,,,,,,,,
3qFOzgoWALk,,,,,,,,,,
UmPVr_ZyttQ,,,,,,,,,,
JwcYRWk7TQk,,,,,,,,,,
etqaamw6stQ,,,,,,,,,,
cCZZIJfirQo,,,,,,,,,,
1nV-9_4ny5I,,,,,,,,,,
L_ef3cFnySg,,,,,,,,,,