FileID,Start,End,Start.1,End.1,Start.2,End.2,Start.3,End.3,Start.4,End.4,audio_path,audio_length,window_start,window_length
ZoFZ1SEqVY0,0.132,0.869,1.107,1.858,2.237,2.705,,,,,,2.8,0,2.8
fwqlFWrZnok,7.087,10,,,,,,,,,,10,0,10
Sxi1v2Edin0,2.419,4.977,6.919,7.597,,,,,,,,10,0,10
3dKSeoGR1z4,0.77,5.778,,,,,,,,,,10,0,10
_nHfZ3eN-gI,1.648,2.219,,,,,,,,,,10,0,10
DXSHDq3P0Hc,0,0,,,,,,,,,,10,0,10
MtZ4-X236yw,3.39,4.176,5.362,6.949,8.46,9.569,,,,,,10,0,10
JspiHIcMpPs,1.833,2.542,,,,,,,,,,10,0,10
JaNVr8rZ-Wc,5.331,6.733,,,,,,,,,,10,0,10
KyuGOQ6LwJE,3.53,6.6,,,,,,,,,,6.6,0,6.6
ZMdci4B8qsA,1.432,3.235,,,,,,,,,,10,0,10
5PHiDtGhd6s,3.343,10,,,,,,,,,,10,0,10
dAtTDnzYAog,1.294,3.189,4.483,6.502,7.873,9.953,,,,,,10,0,10
6ADdMhrIZc0,3.775,4.391,6.533,9.97,,,,,,,,10,0,10
_8Q5sRCe8Gc,3.713,9.8,,,,,,,,,,10,0,10
LSLH3IA1fNM,2.252,3.204,4.684,9.106,,,,,,,,10,0,10
8UQZWCYEipU,0.755,4.946,,,,,,,,,,10,0,10
QzVg5Mo2VZs,1.402,10,,,,,,,,,,10,0,10
78DZ3enrEP4,3.605,5.301,,,,,,,,,,10,0,10
aWFPdroghvY,0.07,6.59,8.703,9.1,,,,,,,,9.1,0,9.1
-5AwGn04sAU,1.41,2.521,4.344,8.561,,,,,,,,9.2,0,9.2
ZZ0nFRaH71o,2.064,2.681,8.382,8.859,,,,,,,,10,0,10
bWb8zrWoZU8,3.975,6.056,,,,,,,,,,10,0,10
MdCSz2cZQUM,0.077,5.3,8.413,9.892,,,,,,,,10,0,10
LSPwquBitbU,3.065,4.806,6.887,7.396,,,,,,,,10,0,10
0vw9f02o1UU,0.955,3.651,,,,,,,,,,10,0,10
tuLts9DhQ7c,1.479,2.342,3.729,4.222,5.331,9.338,,,,,,10,0,10
FGc9Zt1MXng,0,0,,,,,,,,,,10,0,10
VoSU30CMd1Q,1.541,8.568,,,,,,,,,,10,0,10
2c470XOGvp4,0.909,1.525,,,,,,,,,,10,0,10
eFqlz_f0fZo,1.664,7.441,,,,,,,,,,10,0,10
2Sb7U9QFkPI,7.319,8.076,,,,,,,,,,10,0,10
1JZe-d8yQmI,4.576,5.485,8.274,10,,,,,,,,10,0,10
GWW0crROtdg,0.046,2.049,5.008,6.564,,,,,,,,10,0,10
8IqgniV-tVQ,3.559,8.243,,,,,,,,,,10,0,10
9GdSA3KnYOU,2.711,4.992,7.534,10,,,,,,,,10,0,10
XgB8a79-X0c,0.1,0.4,4.515,6.318,,,,,,,,10,0,10
Lu9fYcc6O14,1.287,2.912,5.576,6.937,,,,,,,,9.5,0,9.5
U2RdTbD6qf8,0.061,0.77,2.727,3.79,,,,,,,,10,0,10
WTk0uxyJ694,3.913,4.745,,,,,,,,,,10,0,10
ZWwCQMCcJTs,3.559,4.237,,,,,,,,,,10,0,10
AEw2McqLRQY,4.884,5.685,7.349,8.49,,,,,,,,10,0,10
nGH6n0MyYps,5.717,6.194,,,,,,,,,,10,0,10
QAJ5Nva-fyk,9.338,10,,,,,,,,,,10,0,10
gTni0wOlklQ,0.092,0.2,,,,,,,,,,10,0,10
OVYm1vm5sIQ,6.375,8.07,,,,,,,,,,10,0,10
BAEG3OtEf3s,2.525,2.84,,,,,,,,,,10,0,10
xqrwCyRTV-g,2.45,10,,,,,,,,,,10,0,10
guD3o7aspko,2.511,8.536,,,,,,,,,,10,0,10
EGv45MzlFPw,1.525,2.249,8.382,10,,,,,,,,10,0,10
YN6P6q9uLao,0.061,1.078,,,,,,,,,,10,0,10
iezPv97ySrY,5.531,7.18,9.445,10,,,,,,,,10,0,10
8JHp3-PFnU0,9.445,10,,,,,,,,,,10,0,10
Vpu6mMAuCXQ,0.616,10,,,,,,,,,,10,0,10
MVrdEa0sZRg,3.605,4.314,6.703,10,,,,,,,,10,0,10
Car0lM48TTI,0.046,10,,,,,,,,,,10,0,10
Gi9FEkxB5RM,0.431,7.026,,,,,,,,,,10,0,10
XfYs2pF5W9M,0.2,9.106,,,,,,,,,,10,0,10
OVW2Fuo4NhU,6.532,9.6,,,,,,,,,,9.6,0,9.6
z-ZAH-1udRQ,8.305,9.784,,,,,,,,,,10,0,10
jeVVP_r1uW8,0,5.485,6.425,10,,,,,,,,10,0,10
qeTxMkKb4sQ,3.636,4.766,,,,,,,,,,10,0,10
gBwpkAegHOM,3.143,10,,,,,,,,,,10,0,10
TbVY4mkp-9o,0.264,7.438,,,,,,,,,,8.2,0,8.2
tt3PN0HQMNs,0.154,2.034,4.33,5.347,,,,,,,,10,0,10
t6lgshRc0Go,0.862,3.127,5.793,6.918,,,,,,,,10,0,10
m78FLtzht9Y,1.463,2.835,5.254,6.549,,,,,,,,10,0,10
bAETe5ioJ30,8.983,10,,,,,,,,,,10,0,10
Ja5ewU_57eY,0.184,3.204,,,,,,,,,,10,0,10
zeYOrryTz-0,0.77,3.76,6.164,7.196,9.338,10,,,,,,10,0,10
j4PyRSS5KhQ,0.246,5.67,6.718,7.658,,,,,,,,10,0,10
WQwiDeicdKk,6.379,9.615,,,,,,,,,,10,0,10
o0eeuJlK__k,6.826,8.074,,,,,,,,,,10,0,10
oqFAPH3FrIA,0.431,1.54,,,,,,,,,,10,0,10
wYCrIwkFkOA,3.174,9.645,,,,,,,,,,10,0,10
Q816N0WJ214,0,1.417,3.698,10,,,,,,,,10,0,10
24Qn65Eliz0,2.481,3.197,5.886,10,,,,,,,,10,0,10
dcPIGsnBYKg,3.991,5.825,8.675,10,,,,,,,,10,0,10
_ce714koI2U,0,0,,,,,,,,,,10,0,10
cLFSpQXS9Mw,0.6,6.21,8.845,10,,,,,,,,10,0,10
xp4I_mj9ozY,4.53,9.23,,,,,,,,,,10,0,10
5-LO6dUCiJ4,3.667,4.822,,,,,,,,,,10,0,10
3yShrSi_g2I,4.052,5.963,5.716,10,,,,,,,,10,0,10
2Hp1AvKRiOA,0.68,6.778,8.768,9.708,,,,,,,,10,0,10
UztmdVutiqE,8.814,9.816,,,,,,,,,,10,0,10
wBO1gBQo6Yo,0.138,2.696,3.698,5.069,9.383,10,,,,,,10,0,10
P2rZ2y8FAls,0,0,,,,,,,,,,10,0,10
8qsjlzvgaZM,3.038,5.816,,,,,,,,,,8,0,8
NKccnideb8E,1.34,3.066,4.637,5.362,,,,,,,,10,0,10
fduaEf7W9ic,2.926,9.7,,,,,,,,,,9.7,0,9.7
ETOorNNFxFw,0,6.734,,,,,,,,,,9.1,0,9.1
E4qT_AvQiVQ,7.658,8.999,,,,,,,,,,10,0,10
alD68zoIf6g,8.027,10,,,,,,,,,,10,0,10
FvmWB20IUaM,0,0,,,,,,,,,,10,0,10
U44bT7LuPpk,1.694,3.405,,,,,,,,,,10,0,10
aQD7sos_QXs,0,1.556,4.468,6.965,,,,,,,,10,0,10
uSCALDGcV-c,0.616,2.003,,,,,,,,,,10,0,10
ZqkUY7Vetsg,0.662,6.595,,,,,,,,,,10,0,10
Qg2JNUMLSgc,2.018,4.284,8.814,10,,,,,,,,10,0,10
UfqZYTJX5-k,0,1.71,,,,,,,,,,10,0,10
Dm6_T2Atzuk,0,0,,,,,,,,,,10,0,10
ZV3eYs9K72Y,7.534,8.813,,,,,,,,,,10,0,10
B_48uj-xdw4,0.77,5.331,8.645,10,,,,,,,,10,0,10
g3FuSch-rkg,7.581,10,,,,,,,,,,10,0,10
eObxou-x9vs,1.463,2.249,4.853,6.363,,,,,,,,10,0,10
qvAN9Kiy2pA,6.733,9.353,,,,,,,,,,10,0,10
xZ27Q9bqqrQ,0.847,1.771,8.983,10,,,,,,,,10,0,10
v-HJmvAsajg,1.463,2.665,4.098,4.8,,,,,,,,10,0,10
9kBvHiHHtoM,7.103,7.799,,,,,,,,,,8.4,0,8.4
AID3T_UP-L0,1.032,2.65,3.251,5.902,7.427,10,,,,,,10,0,10
Qon10uDF0WA,5.855,7.535,,,,,,,,,,10,0,10
TkViGLeioF0,1.386,1.772,5.039,5.747,,,,,,,,10,0,10
hysBUIFXquE,7.366,8.213,,,,,,,,,,10,0,10
ha8CT4nfwh8,3.867,5.747,,,,,,,,,,10,0,10
AyIlE11FD9o,3.189,3.944,5.208,6.718,,,,,,,,10,0,10
UdeaxjtefbQ,2.665,5.809,8.044,9.261,,,,,,,,10,0,10
b3N84QSODwY,0,6.61,7.627,10,,,,,,,,10,0,10
qilVdOks5WY,3.805,6.117,7.92,10,,,,,,,,10,0,10
sb4ElU_JxJM,7.719,9.245,,,,,,,,,,10,0,10
4pUiO6uQU40,0,0,,,,,,,,,,10,0,10
8f1xOTxXI2w,0,4.93,5.809,8.582,9.291,10,,,,,,10,0,10
pmuWbFJcca0,1.818,3.867,4.823,6.118,,,,,,,,10,0,10
ivwPtkoe-vU,1.032,2.835,,,,,,,,,,10,0,10
ULFpT7PNN38,8.121,9.292,,,,,,,,,,10,0,10
KLUS3C6ry30,2.188,3.713,6.765,7.997,8.413,9.723,,,,,,10,0,10
D53KMfZZm2s,5.732,7.073,,,,,,,,,,10,0,10
wfl2ll7QPfA,0,0,,,,,,,,,,10,0,10
ZkArrP1DKCY,1.371,2.619,,,,,,,,,,10,0,10
ngAEUfF76Po,0,2.111,3.821,10,,,,,,,,10,0,10
kEyRKV7Wm88,0,0,,,,,,,,,,10,0,10
PZ1jCV5xThk,3.334,4.202,4.983,6.3,,,,,,,,6.3,0,6.3
FcPaxEeaGJE,1.063,2.095,4.083,9.029,,,,,,,,10,0,10
vzJOMUqQMPo,6.271,10,,,,,,,,,,10,0,10
Y93DPiQQ0Ak,0.292,1.047,,,,,,,,,,10,0,10
_u1UqkHfS6o,0,0,,,,,,,,,,10,0,10
Z-Ne-RquYD0,8.413,9.105,,,,,,,,,,10,0,10
ixuLO0I33U4,1.617,2.711,3.929,5.654,,,,,,,,10,0,10
dCpZ94BAPI0,0,0,,,,,,,,,,10,0,10
dCpZ94BAPI0,0,0,,,,,,,,,,10,0,10
sbZ5Ls141fg,0,1.725,4.885,6.117,8.86,10,,,,,,10,0,10
bYEJF500cr8,8.306,9.538,,,,,,,,,,10,0,10
19uyW5r4LgI,0,0,,,,,,,,,,10,0,10
VJbRtrKSN54,0,10,,,,,,,,,,10,0,10
Jk1bxDsUn_c,1.463,2.434,5.995,6.333,,,,,,,,10,0,10
7B-JapFFo68,5.624,6.241,,,,,,,,,,10,0,10
w9PYNTIgaqI,0,0,,,,,,,,,,10,0,10
_k2hN2MlHoA,1.155,3.051,8.306,9.107,,,,,,,,10,0,10
azvDUDCEuOM,0,5.085,6.965,10,,,,,,,,10,0,10
jCkM2VSZyh0,0.046,1.448,2.342,3.189,,,,,,,,10,0,10
maGNW9ByedU,1.155,5.562,6.905,10,,,,,,,,10,0,10
7eRQXGEjypA,0,0,,,,,,,,,,10,0,10
hOua7RdPg38,0.862,1.895,3.79,8.953,,,,,,,,10,0,10
stEsCkzBNDo,8.275,10,,,,,,,,,,10,0,10
H1rDvOSDJfY,0.107,2.44,6.518,7.227,,,,,,,,10,0,10
NUCNRQByrdY,4.606,5.208,,,,,,,,,,10,0,10
LNZS0Ge-izE,2.28,7.503,,,,,,,,,,10,0,10
0cIAYwY_cno,0.323,1.094,3.852,4.746,,,,,,,,10,0,10
s_9TqVhYqj4,6.872,7.427,,,,,,,,,,10,0,10
wzf5PtxCdgY,3.205,4.407,,,,,,,,,,10,0,10
1Eb_BTzbRKI,2.573,7.163,9.183,10,,,,,,,,10,0,10
HIO0NcAPD-s,8.49,10,,,,,,,,,,10,0,10
01TbXvFheiY,0,1.124,,,,,,,,,,10,0,10
S-NJ5GMSmvc,1.094,7.504,,,,,,,,,,10,0,10
55cDQffhucw,1.232,2.249,9.368,10,,,,,,,,10,0,10
CPIwovAzC2o,8.413,10,,,,,,,,,,10,0,10
LXLLDcSi7ck,0,1.926,8.675,10,,,,,,,,10,0,10
vgX8de9QnuQ,3.698,8.998,,,,,,,,,,10,0,10
2khX2UCLZKs,0.169,1.448,5.315,6.117,,,,,,,,10,0,10
1y-5sN_HSWA,0.77,1.479,,,,,,,,,,10,0,10
d7j7lYqobpw,0,2.65,7.087,7.781,,,,,,,,10,0,10
vqSemDSJ2Jw,2.989,4.006,,,,,,,,,,10,0,10
B9vmwTPLQm0,1.309,2.342,7.72,8.167,,,,,,,,10,0,10
AS5es0r698I,6.764,7.442,,,,,,,,,,10,0,10
9Wvv3ZJL4VA,6.256,10,,,,,,,,,,10,0,10
R5lxAsESWgM,0.847,1.147,4.622,5.238,7.426,10,,,,,,10,0,10
Cue3fy5QMjI,0,0,,,,,,,,,,9.7,0,9.7
BIUfg127DZ4,6.302,7.455,,,,,,,,,,10,0,10
lPhEI3aDd9o,1.833,4.653,,,,,,,,,,10,0,10
E5N-lMJb9dw,3.297,4.284,6.287,6.872,,,,,,,,10,0,10
gLzQdo7-P2k,0.493,1.186,,,,,,,,,,10,0,10
cgsUPDhVFKg,8.182,10,,,,,,,,,,10,0,10
fassVZb44Vw,0.477,2.342,,,,,,,,,,10,0,10
cDwleRigKMM,0.153,6.831,,,,,,,,,,8.3,0,8.3
5vpXiK2P_44,6.086,7.997,,,,,,,,,,10,0,10
9S5pbCQfW2o,0,3.266,,,,,,,,,,10,0,10
YxJ0tJByv0A,1.926,4.761,7.503,10,,,,,,,,10,0,10
ocxwcO50X4A,0.677,4.884,7.519,10,,,,,,,,10,0,10
wNczVtrEh5A,4.53,10,,,,,,,,,,10,0,10
PwDGFjEcOiE,3.482,6.086,,,,,,,,,,10,0,10
XyIAPpcvVro,2.973,3.728,6.764,8.212,,,,,,,,10,0,10
3bm17p9ITz8,2.111,2.85,8.691,10,,,,,,,,10,0,10
BHL1hcFmB60,1.061,4.984,,,,,,,,,,9.6,0,9.6
IStcumOxJg0,8.937,10,,,,,,,,,,10,0,10
4L_ccYE_24M,0,0,,,,,,,,,,10,0,10
NAkgIjxP1aE,2.449,6.579,,,,,,,,,,10,0,10
UFjiEHJzHSg,0,0.7,,,,,,,,,,10,0,10
oWfBvKgMv0o,1.52,2.452,3.542,4.187,7.772,8.375,,,,,,9.3,0,9.3
9Ei46s8QL0A,5.439,10,,,,,,,,,,10,0,10
o69UVZJRrbc,7.388,8.369,,,,,,,,,,10,0,10
84dWm3rm504,0,7.172,8.539,9.154,,,,,,,,10,0,10
fsbZTOUPYGA,1.729,3.007,,,,,,,,,,10,0,10
NeONjDSKMrs,4.071,6.187,,,,,,,,,,10,0,10
jGux08AmWBw,0.43,1.89,6.283,8.216,,,,,,,,10,0,10
ax1GBzj5s_8,6.241,7.282,,,,,,,,,,10,0,10
RvQGRHNibr8,9.302,10,,,,,,,,,,10,0,10
71rMtURSqDs,2.567,4.436,5.22,6.358,6.637,7.819,8.248,9.698,,,,10,0,10
iwZ28tzXKRk,3.759,4.704,5.134,7.872,,,,,,,,10,0,10
WYbz54iBWF4,1.718,4.242,5.871,7.375,,,,,,,,10,0,10
sGpSVEoKlyI,0,0,,,,,,,,,,10,0,10
m1F-s4GrXeA,4.425,7.464,,,,,,,,,,10,0,10
mf3Sm4MMvv0,5.939,8.076,,,,,,,,,,10,0,10
lrc34Vwal5k,2.674,3.684,3.738,4.887,4.941,6.627,,,,,,10,0,10
_547JTmvb9g,0.945,1.579,2.17,4.619,5.832,10,,,,,,10,0,10
CDejWyOd7FQ,0,0.98,2.909,4.742,,,,,,,,9.9,0,9.9
HhP-q7Hc3o0,3.233,5.477,,,,,,,,,,10,0,10
Oc9azgD3RJ8,0,0,,,,,,,,,,10,0,10
bVLrcpJTT9M,1.714,3.578,,,,,,,,,,3.6,0,3.6
bH-3ttSqXhU,0,0,,,,,,,,,,10,0,10
0taZldxMK1Q,0,0.23,1.052,2.116,8.259,10,,,,,,10,0,10
4OXqmhij5fg,1.396,4.737,,,,,,,,,,10,0,10
sjAKBnCgKt8,4.386,4.517,6.159,6.653,9.282,9.804,,,,,,10,0,10
#NAME?,1.651,2.847,,,,,,,,,,10,0,10
Yot3JAqpUEc,9.328,10,,,,,,,,,,10,0,10
b3eDEslB94c,3.948,8.029,,,,,,,,,,10,0,10
6PjC9sMqGT0,0.683,10,,,,,,,,,,10,0,10
UBvoC7u2-YY,5.124,9.699,,,,,,,,,,10,0,10
nnC-y6sgcs4,7.743,9.091,,,,,,,,,,10,0,10
3vY34tmF4UI,3.255,4.346,,,,,,,,,,10,0,10
RmGGiQMURcQ,5.553,8.072,9.104,9.322,,,,,,,,9.5,0,9.5
Y4KAkfJBznM,1.233,1.936,7.773,9.187,,,,,,,,10,0,10
z0xbyPhHBbs,1.461,3.245,,,,,,,,,,10,0,10
9grtLEqt_RM,3.198,6.481,8.455,9.575,,,,,,,,10,0,10
VmKrg4ctW5M,0.199,2.533,4.469,6.424,9.338,10,,,,,,10,0,10
TJUUXvxEWBE,0.645,1.347,,,,,,,,,,10,0,10
BY-FIDHIZ0U,0.797,6.813,7.392,10,,,,,,,,10,0,10
RCe9ercXpTw,1.347,2.344,,,,,,,,,,10,0,10
RVfwsH_9ezw,3.805,5.021,9.415,10,,,,,,,,10,0,10
2MJ083qunsE,3.046,4.289,4.962,5.211,,,,,,,,10,0,10
vbI1ZrIVXmU,2.296,9.956,,,,,,,,,,10,0,10
hY1QRCEc4L8,0.048,2.855,,,,,,,,,,10,0,10
DOotwwASsNE,0.181,3.531,7.193,10,,,,,,,,10,0,10
mLXeCv5h09Y,3.283,3.616,,,,,,,,,,10,0,10
y-buftBOpUk,1.376,9.509,,,,,,,,,,10,0,10
HerVIPs80jE,8.892,10,,,,,,,,,,10,0,10
r-J8NcBK0TY,0.996,2.999,,,,,,,,,,10,0,10
_DUtIl0iV-U,1.679,2.439,,,,,,,,,,10,0,10
8jjI_pWqhpY,7.089,8.484,,,,,,,,,,10,0,10
dhCMl8GqBnA,2.951,4.564,6.522,7.098,,,,,,,,10,0,10
i_7Hz_BSqzs,0.047,8.901,,,,,,,,,,10,0,10
8xDTZMYfa6g,9.025,10,,,,,,,,,,10,0,10
udjpvALBE04,0.062,9.244,,,,,,,,,,9.3,0,9.3
Wvx4WtwJ8GY,6.178,9.006,,,,,,,,,,10,0,10
X91X7-PVfBY,2.087,8.901,,,,,,,,,,10,0,10
Ao0n1cqfFDw,0.047,9.775,,,,,,,,,,10,0,10
ENzTDB3pXmk,4.393,5.248,,,,,,,,,,10,0,10
YJAYmN7RGaY,0.048,2.961,6.188,8.418,,,,,,,,10,0,10
dffMKxesOHw,0.901,1.879,3.976,8.835,,,,,,,,10,0,10
e8Lm-kPvGSw,8.114,8.854,,,,,,,,,,10,0,10
TGaCJPImdOs,0.588,2.287,5.248,6.767,,,,,,,,10,0,10
6mXQ7dS8Pf0,5.286,9.082,,,,,,,,,,10,0,10
oV9GCIYs3DQ,3.188,7.516,8.447,10,,,,,,,,10,0,10
7nfAny7po8U,9.634,10,,,,,,,,,,10,0,10
f_7rHJFGu9M,2.021,7.469,,,,,,,,,,10,0,10
-4hvX2WDpQ4,2.791,10,,,,,,,,,,10,0,10
5j71dIQqtgg,3.406,6.557,,,,,,,,,,10,0,10
DIRkICyFmj8,0.778,1.044,,,,,,,,,,10,0,10
FMcTI4xXu4c,1.385,10,,,,,,,,,,10,0,10
9ObYgZi_Bjw,0.465,1.851,6.141,9.119,,,,,,,,10,0,10
qV3PnHE3qB4,4.308,4.375,,,,,,,,,,10,0,10
mjwPOoEga5o,3.501,6.453,,,,,,,,,,10,0,10
CqEssopmvX4,5.001,9.472,,,,,,,,,,10,0,10
TJ0ckiby05s,0.142,4.499,5.318,9.973,,,,,,,,10,0,10
55fiHaTdTPQ,3.151,10,,,,,,,,,,10,0,10
lsbY7yoa88M,4.546,6.339,,,,,,,,,,10,0,10
mC1j3Q_ktvg,0.047,2.439,,,,,,,,,,10,0,10
7pelqXwD_l4,0.237,3.018,3.625,9.472,,,,,,,,10,0,10
vGxupaVrj0Y,2.496,2.791,5.846,8.266,,,,,,,,10,0,10
BUWWY_qJUDM,0.047,7.098,,,,,,,,,,10,0,10
CpqX_eohHsU,6.168,9.328,,,,,,,,,,10,0,10
sBE5Dng4UBE,4.717,5.362,,,,,,,,,,10,0,10
wPhOwUnWCLY,0.345,4.392,,,,,,,,,,4.5,0,4.5
ZBnIrKg2gnY,1.148,10,,,,,,,,,,10,0,10
V9CM39gYX7I,3.824,3.976,,,,,,,,,,10,0,10
_-ZzseISkus,0.551,5.788,7.611,8.873,,,,,,,,10,0,10
V-G5GKiEKdY,0.148,0.834,8.164,9.111,,,,,,,,9.8,0,9.8
6etBkhuLIyc,0.039,3.008,6.463,7.507,8.266,9.367,,,,,,10,0,10
2aUwppJluJE,0.559,2.742,3.198,4.431,5.391,6.405,,,,,,10,0,10
fK4QBQZ6i7w,0.901,10,,,,,,,,,,10,0,10
VxvdzuN93QQ,0.056,10,,,,,,,,,,10,0,10
YWLJv2SgCEI,0,0,,,,,,,,,,10,0,10
nG_MiPR4qbY,0.056,0.626,1.395,6.529,8.684,10,,,,,,10,0,10
UwNmMewIp1U,0.057,0.607,,,,,,,,,,10,0,10
ItRCa5RJBX8,3.891,10,,,,,,,,,,10,0,10
kykRU_67e94,2.315,4.973,8.247,10,,,,,,,,10,0,10
GSlm_V0XDAA,1.072,10,,,,,,,,,,10,0,10
o-LT4nvygWw,0.028,10,,,,,,,,,,10,0,10
aKpPu1wgZDI,1.575,10,,,,,,,,,,10,0,10
m4iQLMluW94,2.525,10,,,,,,,,,,10,0,10
BuIMVqz85uk,7.811,9.319,,,,,,,,,,10,0,10
5AFKEd8nSpg,1.684,3.029,5.078,6.588,7.183,9.761,,,,,,10,0,10
wVLgovBQkrM,0.712,1.525,8.851,9.043,,,,,,,,10,0,10
r9earOROw0I,1.353,10,,,,,,,,,,10,0,10
Q8jcGXRJu5Y,7.081,7.735,,,,,,,,,,10,0,10
Izg45qsbYAw,0.034,0.749,,,,,,,,,,9.8,0,9.8
PaSQoDiF9q4,3.282,3.619,,,,,,,,,,10,0,10
mQ0ZEKTDW4w,5.609,5.81,8.633,8.874,,,,,,,,10,0,10
aiUZMBUc6RM,0.047,6.451,9.55,10,,,,,,,,10,0,10
P8swocrwnnw,5.647,6.511,,,,,,,,,,10,0,10
ytK5ONSpYLQ,0.051,1.046,2.236,3.161,4.859,9.687,,,,,,10,0,10
RerfgviIZGk,5.045,10,,,,,,,,,,10,0,10
xwQE_69dbgQ,1.155,9.075,,,,,,,,,,10,0,10
p7oucErkxGY,1.312,1.758,6.186,9.047,,,,,,,,10,0,10
fbi4V1w_0jY,4.146,7.921,8.809,10,,,,,,,,10,0,10
8kvAdUSm5BY,1.902,4.253,6.937,8.701,,,,,,,,10,0,10
a99GrFKHcWo,0.811,1.707,4.039,5.472,7.748,10,,,,,,10,0,10
k-UaEdq1W14,5.422,5.948,,,,,,,,,,10,0,10
Iw9ni3FSmls,0.981,9.908,,,,,,,,,,10,0,10
dD5qAp01vj8,0.193,7.363,8.478,10,,,,,,,,10,0,10
hnbpLHcoOYw,7.387,10,,,,,,,,,,10,0,10
7WEyBfAKebg,7.525,10,,,,,,,,,,10,0,10
3aQVRDFiF78,6.794,7.188,,,,,,,,,,10,0,10
s2sgpPK3x0M,9.409,10,,,,,,,,,,10,0,10
rs2FL8HJfGE,2.497,8.333,,,,,,,,,,10,0,10
Dd4Me904NPw,0.445,7.622,,,,,,,,,,8.3,0,8.3
AQjai34MyUg,0.254,0.996,1.919,3.3,,,,,,,,3.3,0,3.3
oBUsgakZZx8,4.406,4.685,8.808,9.649,,,,,,,,10,0,10
a9b-A21adA4,0.142,9.998,,,,,,,,,,10,0,10
_lWJ5Raa9jc,0.113,1.3,,,,,,,,,,1.3,0,1.3
OtVnklZgn-o,2.623,10,,,,,,,,,,10,0,10
s-AgmYNOV3E,5.375,5.505,,,,,,,,,,10,0,10
mWqH2xwjkYA,0.055,10,,,,,,,,,,10,0,10
ZZ3W_qp1VqU,2.876,4.354,,,,,,,,,,10,0,10
A2Pol9d6Mvk,3.334,4.476,6.393,8.435,9.542,10,,,,,,10,0,10
smOfZYlK4b4,0.237,5.261,7.043,10,,,,,,,,10,0,10
5MZYUwiSfVg,0.041,1.612,2.981,5.102,7.063,9.329,,,,,,10,0,10
ls-sLN0hMO4,0.507,1.999,,,,,,,,,,10,0,10
WWbOVIhEgUM,0.057,5.817,,,,,,,,,,9.1,0,9.1
3ciaKt72a18,1.657,3.277,,,,,,,,,,10,0,10
GUmibVaYgDY,2.354,4.139,,,,,,,,,,10,0,10
dTLQe8xDAT0,0.772,10,,,,,,,,,,10,0,10
Z2wnecZIOpw,0.042,10,,,,,,,,,,10,0,10
0ZlVKMl3qyw,2.019,9.427,,,,,,,,,,9.6,0,9.6
PcSKMxflV2k,0.034,0.993,7.741,9.705,,,,,,,,10,0,10
nViZXuFG48k,0,0,,,,,,,,,,10,0,10
cAvrpgP1OU4,1.337,2.459,6.443,10,,,,,,,,10,0,10
hpQo9zQHHPA,6.471,8.432,,,,,,,,,,10,0,10
KvHY_StVb1g,0.206,9.9,,,,,,,,,,9.9,0,9.9
s7TgQ8sjSuQ,0.048,2.302,,,,,,,,,,10,0,10
IyCI810sGLs,8.879,9.861,,,,,,,,,,10,0,10
Ex3UBu_Tps8,0.089,10,,,,,,,,,,10,0,10
olXsjzz317U,0.537,2.008,6.737,7.344,,,,,,,,10,0,10
F2NMrKvbcTc,0.598,7.132,,,,,,,,,,10,0,10
1yOaHPaw60Q,3.647,7.018,,,,,,,,,,10,0,10
qa1SyZNkdmM,3.397,5.742,,,,,,,,,,10,0,10
QlOn4Ds855U,0.97,3.953,7.844,10,,,,,,,,10,0,10
5WNZy3VrmCI,4.904,5.912,8.807,10,,,,,,,,10,0,10
BpUDSH5vxTU,5.434,5.476,,,,,,,,,,10,0,10
2MHujpwIl8c,2.889,5.454,7.022,8.397,,,,,,,,10,0,10
vtxar2ffZAE,7.393,8.452,,,,,,,,,,10,0,10
PKSzqOYAAsA,0.045,9.939,,,,,,,,,,10,0,10
RZUUESPZlB8,0.036,10,,,,,,,,,,10,0,10
yB4XQ81oqsQ,2.489,4.254,5.141,10,,,,,,,,10,0,10
KMOwz-gwgW8,3.635,10,,,,,,,,,,10,0,10
qhe2uaej1Ek,1.391,2.497,,,,,,,,,,10,0,10
cVdrQ8bIOeA,2.057,2.708,6.799,10,,,,,,,,10,0,10
HCbQ46el70g,4.541,4.711,,,,,,,,,,10,0,10
o1fYEOeC2Tk,0.884,2.831,,,,,,,,,,10,0,10
SDCtdj5ETAc,0.054,10,,,,,,,,,,10,0,10
3fGA82xboe0,3.486,3.781,,,,,,,,,,10,0,10
FOmVsNdtV4I,4.451,6.367,,,,,,,,,,10,0,10
3dQ5rZpK5U4,1.615,2.967,7.343,7.888,,,,,,,,9.5,0,9.5
W1bXMGZ-akM,2.921,10,,,,,,,,,,10,0,10
Gkr72mVvXOI,1.718,3.106,6.287,7.451,8.298,8.957,,,,,,10,0,10
UW7ioxBkBvc,6.211,7.991,,,,,,,,,,10,0,10
9vhmc1YIZpA,1.876,4.275,8.247,8.691,,,,,,,,10,0,10
CjPlMp0ToQc,0.051,8.832,,,,,,,,,,10,0,10
8ao-wTtdQhA,4.166,5.787,,,,,,,,,,10,0,10
WFsYuDEnMaU,3.802,5.973,,,,,,,,,,10,0,10
qC1dRt16Kgg,2.125,3.526,7.326,8.057,9.265,9.919,,,,,,10,0,10
rq03iPVSG2o,0.183,10,,,,,,,,,,10,0,10
UsDs5xPiXFU,0.057,3.551,5.078,8.317,,,,,,,,10,0,10
AW3uVtWzpFk,0.681,10,,,,,,,,,,10,0,10
d9ZLbpMqcKA,0.308,0.564,3.146,5.911,8.318,8.508,,,,,,10,0,10
_lWKSo_MziU,0.409,7.997,,,,,,,,,,10,0,10
rKW8_GrRAzQ,8.555,10,,,,,,,,,,10,0,10
DWAb_kAkK2o,2.081,4.198,5.927,8.816,,,,,,,,10,0,10
QCP0qLOICec,0.874,6.447,,,,,,,,,,10,0,10
jmZsJBxRitw,1.621,2.929,,,,,,,,,,10,0,10
obWlEkBrmzg,0.045,6.231,,,,,,,,,,10,0,10
ehryvTV27Hw,0.456,4.538,5.956,10,,,,,,,,10,0,10
cMzm9vDp6JU,5.399,6.794,,,,,,,,,,10,0,10
f6p8pycbNYM,0.816,1.325,,,,,,,,,,9.5,0,9.5
e5F_bLZEbvw,5.427,10,,,,,,,,,,10,0,10
tGDTT_arhbU,1.723,2.444,5.598,10,,,,,,,,10,0,10
crLxhUOneHI,4.909,10,,,,,,,,,,10,0,10
AF0CtMb81t8,4.137,4.783,6.348,9.996,,,,,,,,10,0,10
_JbiEnjU-6c,1.898,6.011,,,,,,,,,,10,0,10
k1k6qyl8uZU,1.198,1.803,,,,,,,,,,10,0,10
dYtG-i2TJJY,0.046,3.685,8.611,10,,,,,,,,10,0,10
tJ5w2F1B1R8,9.252,9.755,,,,,,,,,,10,0,10
sZRik7ic4kM,3.836,4.336,5.913,6.722,,,,,,,,10,0,10
7fbnTIAorYU,1.785,2.605,7.109,8.181,,,,,,,,10,0,10
dhUZ5u-zeoM,0.103,1.066,4.201,5.7,6.023,8.835,,,,,,10,0,10
anuk8BWzgxM,0.334,1.401,7.923,9.628,,,,,,,,10,0,10
Kuv2LrLpD1E,0.3,4.327,5.423,6.802,9.337,10,,,,,,10,0,10
Z3POdYMoARY,0.575,1.6,2.598,3.411,8.598,9.344,,,,,,10,0,10
1C8MLki8pR4,2.963,3.75,7.887,8.649,,,,,,,,10,0,10
AlIwXPhHfyY,9.667,10,,,,,,,,,,10,0,10
qglX6R20gJU,5.554,5.959,,,,,,,,,,10,0,10
-4kV3ulsTJc,0.85,5.204,5.71,6.274,8.803,10,,,,,,10,0,10
quKo5yTE1D8,1.406,1.774,,,,,,,,,,10,0,10
YmYNZJ3Jrpo,0.495,0.696,,,,,,,,,,10,0,10
1K01dSq_RSo,0.04,0.723,8.612,9.416,,,,,,,,10,0,10
1FoeNUWL_rE,7.61,9.06,,,,,,,,,,10,0,10
7dpBqF_GopM,1.376,3.031,4.805,5.873,,,,,,,,10,0,10
ieo9HFddvqU,0.588,3.055,3.982,5.521,8.237,9.625,,,,,,10,0,10
jlZWiX3Iqsc,1.321,1.863,,,,,,,,,,9.2,0,9.2
7tvEbjPfpZg,3.483,5.229,,,,,,,,,,10,0,10
FqzeCJV0kyQ,0.032,3.245,,,,,,,,,,10,0,10
7ibcwk78YMA,1.755,4.306,,,,,,,,,,10,0,10
HLay8gvNJWI,2.456,3.31,4.839,5.987,8.179,9.027,,,,,,10,0,10
#NAME?,3.673,6.235,,,,,,,,,,10,0,10
OzAzRA-b7gM,2.125,2.614,,,,,,,,,,10,0,10
nyl0dSjaJI4,0.047,3.777,4.849,5.513,6.984,8.408,8.702,10,,,,10,0,10
37hqUFpvl6A,0.559,1.888,9.623,10,,,,,,,,10,0,10
mYAK8RZNLj8,2.429,10,,,,,,,,,,10,0,10
ywBiC82Lld4,4.593,10,,,,,,,,,,10,0,10
qjBH1PtNbgY,0.038,10,,,,,,,,,,10,0,10
TQMQvgurnRw,1.309,4.441,5.912,10,,,,,,,,10,0,10
AdIypGonhkQ,8.958,9.224,,,,,,,,,,10,0,10
j4VRLAln754,0.806,7.716,8.484,10,,,,,,,,10,0,10
JcWq9vZQ8Zg,4.327,6.482,,,,,,,,,,10,0,10
HDZ0wrCXv5c,4.717,5.191,9.016,9.348,,,,,,,,10,0,10
puWOGixqFfI,0.996,7.165,,,,,,,,,,10,0,10
h_jGZ4GbeLk,3.894,4.294,6.361,8.765,,,,,,,,9.3,0,9.3
Q1dde1cLvrI,0.047,4.839,6.766,7.829,9.252,10,,,,,,10,0,10
7t3ST-gb2Iw,2.818,10,,,,,,,,,,10,0,10
iKjQTwNoJTQ,0.778,2.771,8.105,8.874,,,,,,,,10,0,10
yhJl8f8psug,0.037,0.626,2.087,2.192,,,,,,,,10,0,10
sE9fZUVJ340,1.651,2.457,6.737,8.132,,,,,,,,10,0,10
siYGJq_uvL8,3.739,4.251,8.654,8.921,,,,,,,,10,0,10
HveoxIhZi48,4.698,5.742,6.292,6.501,,,,,,,,10,0,10
EwT19mYhRxQ,0.055,0.702,4.593,5.836,,,,,,,,10,0,10
BJ5IY71t0Ec,3.464,3.606,5.211,8.465,,,,,,,,10,0,10
3_55uw_ZdXM,0.303,4.564,7.781,10,,,,,,,,10,0,10
mSTHICFPkv8,1.205,2.268,3.644,10,,,,,,,,10,0,10
P7Vfzyf1XFA,0.066,9.787,,,,,,,,,,10,0,10
Mp5Bg1dZnRs,3.131,6.851,8.019,9.347,,,,,,,,10,0,10
AN60q9nSnMk,0.664,3.245,4.584,10,,,,,,,,10,0,10
3UEzas-2YSE,0.731,3.084,,,,,,,,,,10,0,10
L9oVp-nMJZ0,9.415,10,,,,,,,,,,10,0,10
9PUP4vh-Whc,1.243,4.764,,,,,,,,,,10,0,10
onoNn2BQf4E,0.683,10,,,,,,,,,,10,0,10
76kVWkYoaKc,0.256,4.992,6.331,7.213,8.019,10,,,,,,10,0,10
YDZdJ08B8ow,0.047,3.625,7.459,8.977,,,,,,,,10,0,10
UlFKxmfvE7Q,1.831,4.707,7.222,7.564,,,,,,,,10,0,10
auN4S16GiUo,0.939,4.565,5.941,10,,,,,,,,10,0,10
jTzu-7J4kKE,7.232,7.421,,,,,,,,,,10,0,10
KyQI28cgyOE,8.761,9.253,,,,,,,,,,10,0,10
Mtb2lUNEykI,2.002,2.932,4.271,6.231,,,,,,,,10,0,10
A7qS6N7Nf1w,0.303,1.936,5.277,6.207,,,,,,,,10,0,10
ra_d7hYEKXQ,3.452,6.091,,,,,,,,,,10,0,10
7UvS6lGHAig,8.353,8.807,,,,,,,,,,10,0,10
kN06AK8F69U,1.404,3.473,4.991,6.178,,,,,,,,10,0,10
nFY1_x4Y1Jc,0.512,1.755,2.979,5.266,8.873,9.717,,,,,,10,0,10
EwbkEvoQqIA,0.027,1.154,2.948,3.984,6.055,8.331,,,,,,10,0,10
kQUs7oUvLRA,3.151,3.359,,,,,,,,,,10,0,10
pblI33b8l8o,0.047,3.616,9.025,9.547,,,,,,,,10,0,10
UvqewMAOuTo,1.489,1.907,8.541,8.664,,,,,,,,10,0,10
caehFH3iXpo,0.645,1.243,8.123,8.531,,,,,,,,10,0,10
6xlV_D4yJDc,2.315,5.248,,,,,,,,,,10,0,10
llboC9cnHZQ,1.271,2.856,,,,,,,,,,10,0,10
yvTdjNMksJM,3.036,3.368,,,,,,,,,,10,0,10
BwAFO43PC7k,8.806,9.898,,,,,,,,,,10,0,10
ku79UKCzrpE,4.621,10,,,,,,,,,,10,0,10
uueL8JwXf50,0.322,1.527,2.457,2.714,,,,,,,,10,0,10
wP_qbpj34eA,7.696,8.029,,,,,,,,,,9.5,0,9.5
VP-sUUDt3MM,1.471,2.069,3.568,5.229,6.178,9.652,,,,,,10,0,10
R94ri2N1Axs,1.547,2.619,8.285,9.671,,,,,,,,10,0,10
QvUVNT7Vqd8,5.021,6.624,,,,,,,,,,10,0,10
8P5KX_Pu854,3.673,5.248,,,,,,,,,,10,0,10
dVFvvkVCBC8,2.998,10,,,,,,,,,,10,0,10
Zp2XXOQJ1vo,6.055,10,,,,,,,,,,10,0,10
h8quqZR0CT8,0.483,1.366,8.256,10,,,,,,,,10,0,10
ubt4wZTuWvw,4.679,6.824,,,,,,,,,,10,0,10
#NAME?,2.611,6.377,7.687,8.029,,,,,,,,10,0,10
kNYWUsbwnv4,4.593,10,,,,,,,,,,10,0,10
qxgJKGq6uwA,6.681,7.639,,,,,,,,,,10,0,10
VJ9E_Td0_dk,0.039,6.225,7.888,10,,,,,,,,10,0,10
#NAME?,2.421,4.679,,,,,,,,,,10,0,10
3f6f20UkVmM,1.243,2.514,4.602,5.703,7.402,10,,,,,,10,0,10
_LyX0W1PAgw,2.666,9.418,,,,,,,,,,10,0,10
B1nOIHzg3s4,2.875,4.678,,,,,,,,,,10,0,10
auC_LgwFF8g,2.021,2.866,,,,,,,,,,10,0,10
lDEWMw7lbWg,0.047,10,,,,,,,,,,10,0,10
xBjb5VwIo-I,0.054,10,,,,,,,,,,10,0,10
DDoj17bOxps,8.892,9.547,,,,,,,,,,10,0,10
iGrqyz07Mp8,2.231,4.185,7.649,8.703,,,,,,,,10,0,10
PhBbjuhFHFo,2.438,6.899,8.474,10,,,,,,,,10,0,10
YqqFMP32S-A,5.318,5.776,9.849,10,,,,,,,,10,0,10
-J-26OD2Qr0,0.039,1.373,9.879,9.922,,,,,,,,10,0,10
MbXTTqy_dA0,9.326,10,,,,,,,,,,10,0,10
_siCCC2og5A,1.765,2.695,4.441,6.985,8.628,10,,,,,,10,0,10
kPcMXf_nPPU,2.448,3.587,,,,,,,,,,10,0,10
TM9rc0zFmTc,0.052,1.405,4.811,5.128,9.617,10,,,,,,10,0,10
oYdWhb0eTh4,0.039,4.092,,,,,,,,,,10,0,10
Q4t3lSzjYEY,0.428,7.199,,,,,,,,,,10,0,10
JR0F7A42yRU,3.406,5.475,6.234,6.538,8.886,9.935,,,,,,10,0,10
ep1vC7M68Ro,2.815,5.415,,,,,,,,,,10,0,10
T4KG_cWNgs8,5.085,5.396,7.191,9.726,,,,,,,,10,0,10
ULlApJooXnU,7.162,9.282,,,,,,,,,,10,0,10
b3QWaD4Cy8M,2.929,9.138,,,,,,,,,,10,0,10
aT3b4INWCAo,0.528,2.993,,,,,,,,,,10,0,10
cFjdY5KkcxU,3.255,3.359,9.045,10,,,,,,,,10,0,10
u9c3J_hRMEY,3.391,6.081,,,,,,,,,,10,0,10
XKla1jr5K0U,6.504,8.331,,,,,,,,,,10,0,10
_V8Z79_n9qE,0.092,7.194,,,,,,,,,,10,0,10
EhCilHVTXY8,0.741,0.867,,,,,,,,,,10,0,10
JxuBS3wDuTE,1.867,3.995,,,,,,,,,,10,0,10
b3Ucx5JmMlw,4.507,5.771,,,,,,,,,,10,0,10
hu8EaXuYXus,1.278,5.689,7.401,9.403,,,,,,,,10,0,10
yomSc8gxbSc,3.554,5.175,,,,,,,,,,10,0,10
eBoYyxGxu9c,7.738,8.529,,,,,,,,,,10,0,10
FJYtfDaul-Q,5.914,9.962,,,,,,,,,,10,0,10
CNZ1QCOg58s,1.693,7.331,9.115,9.956,,,,,,,,10,0,10
4AqmCOZP1zg,0.217,9.876,,,,,,,,,,10,0,10
9rYMJr--heQ,0.061,10,,,,,,,,,,10,0,10
Qz0EG07EU_0,2.883,5.355,,,,,,,,,,10,0,10
ccn1AvP_UnM,0.164,3.218,5.215,6.335,,,,,,,,10,0,10
qyzt7i-faAM,0.038,10,,,,,,,,,,10,0,10
ObLRKSNVrh4,7.993,9.786,,,,,,,,,,10,0,10
B98wkZ6Mt4U,0.051,10,,,,,,,,,,10,0,10
5GuegDzCgw4,4.421,6.732,,,,,,,,,,10,0,10
DuCPGAHfxjI,8.981,10,,,,,,,,,,10,0,10
Lb30PEc6a70,5.625,7.998,,,,,,,,,,10,0,10
SqUsPzfwYno,5.053,6.184,8.698,9.601,,,,,,,,10,0,10
9kPuCyiDVqE,5.758,10,,,,,,,,,,10,0,10
ocNHPhhUUus,2.129,8.883,,,,,,,,,,10,0,10
yBVehT0fx1U,1.817,3.548,5.931,6.175,,,,,,,,10,0,10
NyiAT1Giu9A,0.051,0.929,1.489,4.336,7.994,9.581,,,,,,10,0,10
BXWWHXp00ls,0.045,10,,,,,,,,,,10,0,10
IIc1kF_a47I,0.051,10,,,,,,,,,,10,0,10
SJym7L3ESXA,1.924,2.211,,,,,,,,,,10,0,10
sl1MkTiYIWM,0.058,5.851,,,,,,,,,,9.7,0,9.7
4hOXlcm1mDc,0.298,2.835,5.743,6.546,,,,,,,,10,0,10
xo_OAa7DgK8,0.356,0.613,2.414,3.128,5.044,6.108,7.929,8.473,,,,10,0,10
QvSoTeKT-jI,0.047,0.545,,,,,,,,,,10,0,10
OEaVwIyOKaQ,6.163,6.636,,,,,,,,,,10,0,10
1TbSN_-W8Lg,0.248,9.325,,,,,,,,,,10,0,10
QPrMSt2Yz98,2.228,2.615,7.218,7.876,,,,,,,,10,0,10
dzw90QYk27g,2.555,3.179,,,,,,,,,,9.7,0,9.7
ZYpGqHLTh6k,2.517,3.543,6.141,7.214,9.199,10,,,,,,10,0,10
IXskfvyWhvg,5.557,6.562,,,,,,,,,,10,0,10
fNC-Ug3Ilug,7.357,9.283,,,,,,,,,,10,0,10
y-Z33QXsLWU,0.747,1.945,5.248,5.996,,,,,,,,10,0,10
by3bOMQRKvE,1.987,10,,,,,,,,,,10,0,10
5_ci99GzDsU,0.054,0.938,1.271,1.576,,,,,,,,10,0,10
yK7tFxqiwzY,0.055,7.912,,,,,,,,,,10,0,10
JH5AkG-_ed0,1.769,2.525,4.268,4.439,,,,,,,,10,0,10
4epl0cI2-Ew,1.098,3.888,,,,,,,,,,10,0,10
StlA0hfJCqM,0.909,1.311,,,,,,,,,,10,0,10
G2wYdSa3cCk,0.037,10,,,,,,,,,,10,0,10
COKY7L55Qag,2.254,2.589,4.502,6.233,7.161,7.799,8.772,9.325,,,,10,0,10
NADg1fdf6Y8,0.047,1.036,3.901,10,,,,,,,,10,0,10
Oy6P88XIOvs,5.805,6.682,9.411,10,,,,,,,,10,0,10
7Ke9X53j1Rc,0.924,10,,,,,,,,,,10,0,10
sMNsUYXNbpA,1.798,3.098,5.886,6.919,,,,,,,,10,0,10
Me-nW_AryqQ,0.054,10,,,,,,,,,,10,0,10
htmuNeT0_8M,5.061,8.879,,,,,,,,,,9.5,0,9.5
H36ivy_-2_M,0.133,0.629,2.651,7.897,,,,,,,,10,0,10
Q0QweJ-e6no,2.074,2.315,6.648,7.807,,,,,,,,10,0,10
f8WvXUb5W0Y,0.663,10,,,,,,,,,,10,0,10
_kXKKxPQkk4,0.136,10,,,,,,,,,,10,0,10
pIA8ExXOJ9k,2.749,10,,,,,,,,,,10,0,10
yMHnzpWkpGY,0.056,2.583,4.126,10,,,,,,,,10,0,10
uOu5aalETFo,7.683,10,,,,,,,,,,10,0,10
Dto3eicO0zo,0.041,0.985,6.401,6.817,9.605,10,,,,,,10,0,10
zJxqIiKd3wM,0.042,0.378,8.229,8.639,,,,,,,,10,0,10
sLHYvqfduwU,1.455,5.761,,,,,,,,,,10,0,10
h17WQzijZME,2.876,3.191,,,,,,,,,,10,0,10
K7zQcM8-IJM,5.308,6.481,7.134,8.036,,,,,,,,10,0,10
aTgD1u25sNE,2.081,2.378,,,,,,,,,,3,0,3
HoQkWNwc7mk,0.874,10,,,,,,,,,,10,0,10
S9Dml-ioESk,6.537,10,,,,,,,,,,10,0,10
saAxrAw-pNU,0.649,0.796,1.807,2.481,4.993,9.969,,,,,,10,0,10
-z-1R1VxTZo,6.427,9.071,,,,,,,,,,10,0,10
QfJh9vda4YI,7.376,9.207,,,,,,,,,,10,0,10
r6b6KrFFCik,0.051,10,,,,,,,,,,10,0,10
USlCCt8En7A,7.437,8.971,,,,,,,,,,10,0,10
sTrqiBbExhs,0.366,5.867,,,,,,,,,,10,0,10
mPNvz9Wj-Nw,2.023,3.112,4.622,5.689,7.208,8.884,,,,,,10,0,10
F7OvCyPoEMM,2.523,3.832,8.139,10,,,,,,,,10,0,10
pwr4CjY3kwY,2.001,2.948,3.763,4.339,5.813,6.484,,,,,,10,0,10
ZKfwENg2PhU,0.054,10,,,,,,,,,,10,0,10
hHtDTcXgKvw,0.041,2.491,6.796,10,,,,,,,,10,0,10
hZeuXax7w9k,9.013,10,,,,,,,,,,10,0,10
iKFFkD5KTGs,2.875,3.426,5.286,5.666,8.323,9.367,,,,,,10,0,10
TYS0vFAnB4Q,7.022,8.817,,,,,,,,,,10,0,10
fbWtQ2GWKDk,0.469,1.108,,,,,,,,,,2.3,0,2.3
4-FmRITNo1M,1.111,1.736,3.302,3.407,7.801,10,,,,,,10,0,10
c4_AaYfdxMI,1.024,1.376,4.346,4.782,8.361,8.759,,,,,,10,0,10
KohhvyrKGaw,0.046,0.977,2.371,4.253,6.043,7.782,9.206,9.979,,,,10,0,10
wDtMc1sHx0I,0.446,1.205,2.989,9.442,,,,,,,,10,0,10
3C5aNXYX7OM,6.377,6.662,,,,,,,,,,10,0,10
Z_AKpY3q8M0,7.441,7.649,,,,,,,,,,10,0,10
rqd9JJ2iEFY,0.189,2.201,6.302,6.757,,,,,,,,10,0,10
xdjA0WWAmi4,1.481,8.951,,,,,,,,,,10,0,10
gq7ZBPNN2yQ,4.574,5.532,,,,,,,,,,10,0,10
KtA4hiq5FBk,1.841,2.116,,,,,,,,,,10,0,10
5XKAszJ9h8o,8.741,9.244,,,,,,,,,,10,0,10
xMUsiQ8nxIM,2.704,3.132,8.191,10,,,,,,,,10,0,10
mp7zoHTp-ro,4.489,8.133,8.541,10,,,,,,,,10,0,10
JbdXry_8Oh4,1.888,2.182,,,,,,,,,,10,0,10
Tqd7YTwQAWs,0,0,,,,,,,,,,10,0,10
5Y1Fi6KWvYM,1.129,4.223,8.655,10,,,,,,,,10,0,10
XS-fvurw7hA,1.127,2.619,3.539,5.065,7.113,7.737,,,,,,9.1,0,9.1
h4c4r3cYjGM,0.031,3.653,8.759,9.509,,,,,,,,10,0,10
l9XkKJGIiAo,0.059,2.759,,,,,,,,,,10,0,10
K9_jvU3WG90,1.233,4.536,6.472,7.336,,,,,,,,10,0,10
ijJg9KA_zw4,6.824,9.329,,,,,,,,,,10,0,10
zqyRZiQG0OE,0.569,3.161,5.694,8.513,,,,,,,,10,0,10
Axpt1fGQiKE,0.911,1.167,,,,,,,,,,10,0,10
0IpjEqzfvdY,3.406,10,,,,,,,,,,10,0,10
Y735cxoG5-4,2.581,3.217,,,,,,,,,,10,0,10
vhb_dDwMCGQ,1.111,7.165,9.473,10,,,,,,,,10,0,10
HM09kwJSbyk,6.141,7.411,,,,,,,,,,10,0,10
7ARVgI_wx5Y,3.473,4.916,,,,,,,,,,10,0,10
SYW7v21e5Lk,6.481,6.975,,,,,,,,,,10,0,10
d0VnBP36O9w,0.541,7.952,,,,,,,,,,10,0,10
hcI8rwJX04w,0.037,7.178,8.428,8.904,,,,,,,,9.4,0,9.4
7HAhIIdg69c,0.039,2.496,3.454,4.669,6.055,6.605,,,,,,10,0,10
v9DhSUQbmMA,6.767,9.585,,,,,,,,,,10,0,10
uZ2jEu_qONc,5.922,7.146,,,,,,,,,,10,0,10
wcRpKta00nY,6.453,9.148,,,,,,,,,,10,0,10
YnM8I76SWY8,4.794,9.132,,,,,,,,,,9.6,0,9.6
Y8rAQEx0BJo,0.056,0.455,2.421,2.714,,,,,,,,10,0,10
KX82TFIhkBU,0.578,10,,,,,,,,,,10,0,10
vMSjr7OtlzI,0.873,1.917,4.043,8.845,,,,,,,,10,0,10
w-BpdU227dI,1.423,3.226,8.806,10,,,,,,,,10,0,10
3ifbvZO4S6s,1.195,8.351,,,,,,,,,,10,0,10
o8LPsj3hgPc,6.169,7.279,8.779,9.756,,,,,,,,10,0,10
bgl8r_eRI1I,0.578,2.041,4.213,10,,,,,,,,10,0,10
YHC_3D6bSqI,1.214,7.183,9.671,10,,,,,,,,10,0,10
y7Evz9SD8MA,2.941,7.051,,,,,,,,,,10,0,10
zl6T-7zzQd0,0.294,10,,,,,,,,,,10,0,10
k-raxJuPXKg,1.205,2.002,8.379,9.404,,,,,,,,10,0,10
YnRvyf7Jmt8,0.075,1.983,5.021,8.503,,,,,,,,10,0,10
5eihlm59U4Q,0.931,4.935,7.735,8.475,,,,,,,,10,0,10
gijTb49Pwyc,2.923,6.036,8.503,8.798,,,,,,,,10,0,10
X8c8FDdhKbA,8.114,8.409,,,,,,,,,,10,0,10
bpwsd9wZiKk,1.717,2.041,6.738,7.118,,,,,,,,10,0,10
eg4QmXoWA8s,3.616,10,,,,,,,,,,10,0,10
ptOLbOTYh3M,1.006,9.196,,,,,,,,,,10,0,10
qgi1e6I2EVU,1.746,4.517,8.351,10,,,,,,,,10,0,10
lCGEittF80c,1.906,2.105,5.078,5.395,6.226,7.554,,,,,,9.5,0,9.5
9-MR9ee7V98,0.053,9.338,,,,,,,,,,10,0,10
crqHIFytTNI,1.252,2.031,6.928,7.061,,,,,,,,10,0,10
oQPypgY6gn8,0.702,1.024,3.074,6.149,,,,,,,,10,0,10
lJ9Dbwz-MXk,1.338,3.179,7.848,9.025,,,,,,,,10,0,10
mJgULzfw0aU,0.066,6.036,7.393,9.006,,,,,,,,10,0,10
Ez_Q-DLuWfM,0.047,0.616,8.863,9.594,,,,,,,,10,0,10
QJd4ZiCc7zU,1.784,8.418,,,,,,,,,,10,0,10
SG3UEJYa298,3.416,4.317,7.667,10,,,,,,,,10,0,10
FDCETc0FXq4,2.258,3.397,,,,,,,,,,10,0,10
NULglzkuJD0,0.047,0.294,2.031,7.221,,,,,,,,10,0,10
35twa_Mflb4,0.037,1.727,,,,,,,,,,10,0,10
1zZupqiYDCs,1.983,6.434,,,,,,,,,,10,0,10
_4HKv8Mhqyw,4.043,9.661,,,,,,,,,,10,0,10
ZcZYEojbaPo,0.551,1.072,2.363,5.153,6.396,8.151,8.987,10,,,,10,0,10
6vR0uox4iOk,4.565,10,,,,,,,,,,10,0,10
xRCQuuTRDqA,2.125,2.752,7.355,10,,,,,,,,10,0,10
R3U_bjnVyHo,0.065,6.045,7.516,9.423,,,,,,,,10,0,10
AsbkqTYadPw,0.037,2.942,5.049,10,,,,,,,,10,0,10
1yw6rD8p9rI,5.836,9.063,,,,,,,,,,10,0,10
rnfFooB5NZA,3.217,4.119,4.517,5.476,,,,,,,,10,0,10
Jwo-2ljdpXk,0.037,0.361,2.723,8.655,,,,,,,,10,0,10
GfXOTHsXxfY,2.704,3.074,4.213,5.248,,,,,,,,10,0,10
0nfvljVJo14,1.291,2.116,2.752,3.711,,,,,,,,10,0,10
BgMMbz6zDzc,2.629,7.365,,,,,,,,,,10,0,10
4gfLeTZOmu8,1.651,10,,,,,,,,,,10,0,10
52y_0oUYQps,7.649,10,,,,,,,,,,10,0,10
oVSoTOnFGV8,4.174,6.225,,,,,,,,,,6.3,0,6.3
p4DCD5HQjnw,2.031,2.268,8.076,8.227,,,,,,,,10,0,10
Wtcq4hUciM0,5.494,10,,,,,,,,,,10,0,10
IHCrpZ6izPQ,6.491,7.933,,,,,,,,,,10,0,10
kTLGvp3VFO0,1.671,4.859,6.947,8.921,,,,,,,,10,0,10
MhoKYk_TaII,0.683,1.983,7.895,9.015,,,,,,,,10,0,10
78aQzV_MJWE,9.121,9.424,,,,,,,,,,10,0,10
YRmA1BoqXsc,6.709,6.861,,,,,,,,,,10,0,10
fDLyhmA3Bxs,0.066,0.854,3.217,3.995,,,,,,,,10,0,10
b0_KkxWiRWE,3.786,4.916,5.789,10,,,,,,,,10,0,10
TibcKCZEDGQ,0.038,10,,,,,,,,,,10,0,10
Lc24bYwlPjA,1.698,10,,,,,,,,,,10,0,10
KvCk1wsB9IA,0.521,1.812,,,,,,,,,,10,0,10
YU1T92otSY0,3.722,7.655,,,,,,,,,,9.6,0,9.6
fl4vi9x9acs,0.341,3.966,7.601,10,,,,,,,,10,0,10
mK2Z7uQkag0,1.214,2.458,,,,,,,,,,10,0,10
f1K25n87vJU,0.371,2.277,,,,,,,,,,10,0,10
Cqhx56KJFCg,0.465,1.442,1.822,3.511,,,,,,,,10,0,10
stEBTHdA0j0,8.057,10,,,,,,,,,,10,0,10
#NAME?,0.502,7.003,,,,,,,,,,10,0,10
qR3fJNSRvJ8,0.037,0.674,6.054,10,,,,,,,,10,0,10
OidRwhN8UWo,0.047,10,,,,,,,,,,10,0,10
JuEIkNoxbN4,2.666,3.587,8.086,9.453,,,,,,,,10,0,10
aoNUCasKjoA,6.149,7.174,,,,,,,,,,10,0,10
TB02v2AfdbE,5.081,7.063,,,,,,,,,,10,0,10
nzEo59X-j10,0.066,10,,,,,,,,,,10,0,10
kY9d7K4MXDw,3.077,9.187,,,,,,,,,,9.6,0,9.6
fS14ZwUF_TM,2.598,3.963,7.111,8.695,,,,,,,,10,0,10
8u16dnwSrjs,6.068,10,,,,,,,,,,10,0,10
b3ByvFGRSRY,0.056,1.668,8.421,10,,,,,,,,10,0,10
vDhJ3s-6Odk,6.163,6.931,,,,,,,,,,10,0,10
Wpmy1XWWt_w,1.916,4.4,,,,,,,,,,4.4,0,4.4
AxbidyMn0gQ,0,0,,,,,,,,,,10,0,10
6y2qUFBuZtU,5.897,10,,,,,,,,,,10,0,10
XPD0WgFfzXA,0.559,1.488,2.711,8.324,,,,,,,,10,0,10
IeSRyZwMGKA,0.037,10,,,,,,,,,,10,0,10
W5jD255HJMM,0.077,1.498,4.475,5.973,,,,,,,,10,0,10
LP_OqFGPY8k,0.037,6.874,,,,,,,,,,10,0,10
91Yfzb8a1ow,0.625,2.645,,,,,,,,,,10,0,10
r15ZSm3UpeQ,4.266,5.006,,,,,,,,,,10,0,10
hk_yA5qLh8w,4.162,10,,,,,,,,,,10,0,10
sYouNLLNZ_Q,0.037,0.401,1.642,5.749,6.878,7.475,,,,,,9.8,0,9.8
jNR3El0eBZc,0.047,10,,,,,,,,,,10,0,10
GhP4Vy8Gqgs,7.291,8.021,,,,,,,,,,10,0,10
pybpK4api6U,0.047,1.109,1.896,5.299,6.741,10,,,,,,10,0,10
14Y72r4KHos,5.423,6.068,8.761,9.141,,,,,,,,10,0,10
NfAEXcoty7o,0.054,2.618,,,,,,,,,,9.5,0,9.5
epe_M7kaSwk,0.379,2.095,,,,,,,,,,10,0,10
HWmpRwucLbY,7.319,10,,,,,,,,,,10,0,10
wGBYlR12XP0,1.611,5.423,,,,,,,,,,10,0,10
UsYQwxgUTdI,1.441,3.328,6.722,8.903,,,,,,,,10,0,10
yYSgqCC4Vek,9.215,9.765,,,,,,,,,,10,0,10
P4qIUsnyr9g,0.035,0.635,2.085,7.603,9.491,10,,,,,,10,0,10
WxPghkcuhuE,6.892,10,,,,,,,,,,10,0,10
XA3tLA0SaIc,0.445,8.315,,,,,,,,,,10,0,10
IufrxOtapVA,0.217,2.509,3.219,5.4,,,,,,,,5.4,0,5.4
#NAME?,6.703,7.689,9.471,9.831,,,,,,,,10,0,10
UKxwpmKWNAg,0.701,1.905,,,,,,,,,,10,0,10
xTTHf44kHyM,4.569,4.854,8.675,8.883,,,,,,,,10,0,10
nUBOpndM8qM,0.053,1.943,,,,,,,,,,10,0,10
uAzg4PDcyyE,0.054,1.641,7.897,8.409,,,,,,,,10,0,10
va4kuPaFtb8,0.044,10,,,,,,,,,,10,0,10
RWLNxj6qGUs,3.291,6.803,,,,,,,,,,9.3,0,9.3
Z4vDkLwCdNI,0.929,6.409,,,,,,,,,,10,0,10
ODEQzbUQH0A,0.061,10,,,,,,,,,,10,0,10
1uyZNb7V7Bs,6.514,6.807,,,,,,,,,,10,0,10
fxL2VXuPDxg,4.257,4.882,8.391,9.566,,,,,,,,10,0,10
arOcf_3MYPQ,0.235,9.5,,,,,,,,,,9.5,0,9.5
W_GRkwbZOw8,2.076,4.115,5.167,9.595,,,,,,,,10,0,10
xWs3njVJ9Zw,7.225,9.007,,,,,,,,,,10,0,10
eexRPQwz2GM,3.181,4.606,,,,,,,,,,9.1,0,9.1
1P2Diy8eV-w,0.048,9.073,,,,,,,,,,10,0,10
c0V_HAul7rI,0.541,10,,,,,,,,,,10,0,10
-4yy61BH-O8,9.738,10,,,,,,,,,,10,0,10
_0vGPOwom7M,3.593,3.944,6.969,8.562,,,,,,,,10,0,10
uVYbXz54yq8,4.011,9.898,,,,,,,,,,10,0,10
bgcKiVGRSAM,1.071,1.792,3.508,7.614,9.331,10,,,,,,10,0,10
C1Vh4MxKH64,1.583,4.304,5.906,9.926,,,,,,,,10,0,10
cCsdzy04cEo,0.048,3.195,7.148,10,,,,,,,,10,0,10
M5uNy802KDI,0.493,0.967,2.616,7.575,,,,,,,,10,0,10
jiZ914zCZ2w,0.055,0.758,2.199,3.404,,,,,,,,10,0,10
fImxxdrc4rc,0.843,5.503,6.211,8.817,,,,,,,,10,0,10
ZqDpbnILGjM,5.015,7.528,8.685,10,,,,,,,,10,0,10
Hx5FZvmPDNs,0.388,1.156,8.068,10,,,,,,,,10,0,10
_Aes29PzaAg,1.953,3.631,6.381,7.595,,,,,,,,10,0,10
vC1rGQHqKY4,8.115,8.608,,,,,,,,,,10,0,10
Z-qQvkcxsjQ,0.075,3.128,,,,,,,,,,10,0,10
G8rsuleSs-Y,0.267,9.539,,,,,,,,,,9.7,0,9.7
kZ5laDkPk7Y,6.058,6.267,7.414,8.305,,,,,,,,10,0,10
gjESFwtQuIU,0.663,5.205,7.727,10,,,,,,,,10,0,10
JOqxG3u6Foo,0.181,0.749,,,,,,,,,,10,0,10
pyKh38FXD3E,0.113,9.177,,,,,,,,,,10,0,10
pTPGsQ-zJxk,2.521,10,,,,,,,,,,10,0,10
qjD9cE9hE5Y,3.461,4.787,6.532,9.689,,,,,,,,10,0,10
9nlK7PSQ_Aw,8.295,8.788,,,,,,,,,,10,0,10
j6aqfy7E714,0.093,1.147,7.699,10,,,,,,,,10,0,10
b4UcOSG9Wok,0.464,2.463,7.321,10,,,,,,,,10,0,10
Akz96_r1-qA,2.001,3.318,,,,,,,,,,10,0,10
f5r-bofA2HA,0.056,10,,,,,,,,,,10,0,10
k1KzGLorCFs,2.939,4.968,9.338,10,,,,,,,,10,0,10
9cv0DTiW5ho,2.057,10,,,,,,,,,,10,0,10
Icy8HeqnwKo,0.104,1.678,2.474,3.394,4.646,10,,,,,,10,0,10
CC8ZYGk63W0,1.744,4.171,,,,,,,,,,10,0,10
WFh8ba4w2vw,7.301,10,,,,,,,,,,10,0,10
XNUFx1nSs3k,0.048,3.109,,,,,,,,,,10,0,10
ktbMfk3tzqY,0.929,1.602,3.564,4.038,5.291,10,,,,,,10,0,10
UC6WDxcuDos,1.043,1.706,,,,,,,,,,10,0,10
#NAME?,1.336,1.678,3.906,4.201,7.366,10,,,,,,10,0,10
EJUNUPUFuj0,0.039,10,,,,,,,,,,10,0,10
P874GhIephg,0.047,7.937,,,,,,,,,,9.9,0,9.9
HhSeS_Tqn9Q,0.038,1.763,2.702,4.124,8.401,10,,,,,,10,0,10
XSUbf0JxJL4,1.403,3.593,,,,,,,,,,10,0,10
QNQl9bgRxFc,6.475,10,,,,,,,,,,10,0,10
nFhAQKmZtdc,5.528,9.453,,,,,,,,,,10,0,10
8P1xuiEysh4,1.649,3.963,5.641,9.395,,,,,,,,10,0,10
KqDYlrPnIy4,0.044,3.858,4.787,10,,,,,,,,10,0,10
fzFakU5LSwQ,7.718,9.586,,,,,,,,,,10,0,10
IBnelTCAXKg,1.091,2.247,3.802,6.002,,,,,,,,10,0,10
18L7Pi6Xw-w,5.704,8.239,9.011,9.893,,,,,,,,10,0,10
E9tji_ww718,0.412,1.293,1.758,5.233,5.7,9.128,9.633,10,,,,10,0,10
YtXoP85bfF8,3.05,3.638,5.104,6.051,7.219,8.02,,,,,,10,0,10
vc_aG1J_DTY,0.04,4.724,9.446,10,,,,,,,,10,0,10
g7lHjmC-NRQ,2.617,3.192,,,,,,,,,,10,0,10
1L_OyngNZMA,2.636,4.528,,,,,,,,,,10,0,10
QafkL-gRZ7Q,1.747,1.885,3.334,3.73,,,,,,,,10,0,10
wtKUOmbrwuw,2.481,3.365,7.055,7.813,,,,,,,,10,0,10
njPiO_XK8Qs,9.7,10,,,,,,,,,,10,0,10
IyDMlQ0EEHw,0.315,1.37,3.168,5.698,,,,,,,,10,0,10
lZwoKiiXsMg,0.2,2.777,7.507,8.873,,,,,,,,10,0,10
MuJwmPPu__Y,3.366,5.846,,,,,,,,,,10,0,10
O8BsPrP-YRY,0.638,1.848,2.666,2.903,4.485,6.04,7.611,8.653,,,,10,0,10
lQPxJ3M0Ves,1.051,4.128,,,,,,,,,,10,0,10
kxirwP8Idn0,2.114,2.575,8.626,9.458,,,,,,,,10,0,10
3a-Qgxgl_wE,5.806,9.132,,,,,,,,,,10,0,10
PTQT_AbRe3c,1.651,1.755,,,,,,,,,,10,0,10
GFqMf1EK_GU,6.628,6.971,9.424,10,,,,,,,,10,0,10
K_UEfqjZcvc,1.728,3.105,3.878,4.551,,,,,,,,10,0,10
CTZK_7py_4w,0.743,1.054,1.701,3.266,8.39,10,,,,,,10,0,10
qiCQlMSpjxw,0.042,0.682,6.196,10,,,,,,,,10,0,10
b_Gz4Cu-jY0,1.506,3.067,3.901,5.026,7.055,7.299,,,,,,10,0,10
XudafKb_VEc,0.273,1.17,2.405,3.55,6.24,7.222,,,,,,10,0,10
7TaA0lnH2r8,0.449,1.876,,,,,,,,,,10,0,10
YFbgckiFGcc,7.659,8.202,,,,,,,,,,10,0,10
r56PXyxKOMI,2.701,3.098,4.386,4.96,,,,,,,,10,0,10
B_SryRe15GU,0.093,0.704,1.703,2.703,5.13,6.182,9.292,10,,,,10,0,10
cCBn7TusbnM,3.381,5.412,6.11,10,,,,,,,,10,0,10
n5XsHCQ61-8,1.244,2.071,9.639,10,,,,,,,,10,0,10
qqyXi_PMZak,5.605,8.778,,,,,,,,,,10,0,10
me0UHkE__WI,3.806,4.1,6.628,8.105,,,,,,,,10,0,10
wk27-3QHFwM,6.893,7.433,,,,,,,,,,10,0,10
vq4jQd5-PL0,0.073,3.763,5.551,6.655,,,,,,,,10,0,10
7i-UktuERps,8.575,9.175,,,,,,,,,,10,0,10
cxSnmTXv-Y4,0.665,2.409,2.829,10,,,,,,,,10,0,10
mjYavwHWPcU,6.807,10,,,,,,,,,,10,0,10
vnTFJ7wUawE,4.236,4.604,,,,,,,,,,10,0,10
YlUD43I9GwA,1.594,3.6,3.859,5.197,6.576,7.161,9.488,9.751,,,,10,0,10
svkcURmMvU4,0.818,1.43,9.715,10,,,,,,,,10,0,10
yVoYzNINzYU,1.079,3.054,5.146,7.577,,,,,,,,7.6,0,7.6
GMgECM5nWp8,0.873,1.2,,,,,,,,,,10,0,10
G-kDNAz1vy0,5.671,10,,,,,,,,,,10,0,10
vtcIO82m94s,3.81,4.022,,,,,,,,,,10,0,10
JYBN25WI09w,0.615,3.78,5.186,5.367,,,,,,,,10,0,10
WKnUfD7Yldg,3.154,4.016,7.55,9.875,,,,,,,,10,0,10
Gi60-rBcXA0,8.333,9.351,,,,,,,,,,10,0,10
I38lME_HOuM,0.269,6.805,7.843,9.1,,,,,,,,10,0,10
TzLgiTQRI5Y,0.037,1.4,3.423,5.358,,,,,,,,10,0,10
ONiSypM9h2Y,6.163,7.578,,,,,,,,,,10,0,10
f1Atjj8tOwc,0.057,2.406,5.606,9.59,,,,,,,,10,0,10
aJgSYx_A3J4,0.05,1.796,4.094,10,,,,,,,,10,0,10
tjY9YuMSOTU,6.678,8.447,9.38,10,,,,,,,,10,0,10
EFgX48K86LE,0.149,9.941,,,,,,,,,,10,0,10
9o_6VVLL3DI,0.039,0.702,,,,,,,,,,10,0,10
gWdQ3rSEC_c,4.121,4.181,7.034,7.574,,,,,,,,10,0,10
FKhCNVcfCDg,2.873,3.195,,,,,,,,,,10,0,10
fEY4QOAqhYU,0.035,1.5,,,,,,,,,,10,0,10
u1ZmZLDCsMk,0.044,5.321,9.371,10,,,,,,,,10,0,10
wBxnwrz1TmU,0.039,7.179,8.486,10,,,,,,,,10,0,10
9ka087SgS9Y,2.722,2.967,,,,,,,,,,10,0,10
jCqMqtMThMw,0.05,0.287,,,,,,,,,,10,0,10
F5O_qJoG0XU,1.798,2.6,9.624,10,,,,,,,,10,0,10
vMEvRkfYHF8,6.082,6.52,8.3,10,,,,,,,,10,0,10
XMpykH0EEjE,1.768,2.027,,,,,,,,,,10,0,10
l4Kr6O64bYs,1.651,5.05,,,,,,,,,,10,0,10
Cvwyf4tOrqc,1.039,1.327,,,,,,,,,,10,0,10
S4EajoETOmw,8.518,8.599,,,,,,,,,,10,0,10
g_Z2w6mvjbA,1.826,2.199,4.5,5.085,,,,,,,,10,0,10
y-1TFoQcdHk,0.861,1.851,4.098,8.811,9.778,10,,,,,,10,0,10
2hybynw87OI,5.404,5.808,8.215,8.523,,,,,,,,10,0,10
0C8veLHkEbo,0.053,0.946,2.609,4.829,4.841,9.899,,,,,,10,0,10
0uJFVlaLwJ4,0.544,1.102,6.428,6.954,8.178,9.2,,,,,,10,0,10
FTdjk9H7tpc,1.947,2.11,,,,,,,,,,10,0,10
CyHcfIABscw,0.049,1.419,8.768,10,,,,,,,,10,0,10
1TA1MPcKjiY,6.265,6.965,8.773,9.889,,,,,,,,10,0,10
025wYGIVcgg,4.35,4.677,7.009,7.486,8.719,8.765,,,,,,10,0,10
XjiXOid8V3I,2.854,5.8,7.39,8.048,,,,,,,,10,0,10
ggtCRHvvK4w,8.435,8.915,,,,,,,,,,9.9,0,9.9
nyUZGLhIgio,4.923,5.603,8.693,9.59,,,,,,,,10,0,10
qqkFrFb8P7k,1.217,1.467,5.069,6.102,6.878,7.484,,,,,,10,0,10
ziBUk_08-ew,0.053,10,,,,,,,,,,10,0,10
SXdGCoe3g5c,8.435,9.458,,,,,,,,,,10,0,10
tlZx0R63PIM,2.885,3.75,,,,,,,,,,10,0,10
t19aopTbvPM,3.508,4.639,6.796,8.529,,,,,,,,10,0,10
sG75_ht1IWE,0.055,0.17,5.501,8.206,,,,,,,,10,0,10
_YYABE0R3uA,6.76,10,,,,,,,,,,10,0,10
_NeHhqNMxPY,6.232,6.997,,,,,,,,,,10,0,10
TzcNkmY6JoE,0.057,1.79,,,,,,,,,,10,0,10
iVUGU72Tfbo,3.75,6.987,,,,,,,,,,10,0,10
Vipzf5d6rL8,0.037,0.737,6.876,10,,,,,,,,10,0,10
pW9JI4yi16k,7.308,8.056,,,,,,,,,,10,0,10
pfagnqqcZuU,0.811,2.745,4.504,5.209,6.395,6.83,9.077,9.493,,,,10,0,10
1U7NeZw1zT0,9.066,10,,,,,,,,,,10,0,10
1cNUKYCvU9s,6.899,9.999,,,,,,,,,,10,0,10
0asdEtc9_3s,2.657,3.2,5.352,6.695,7.897,8.159,,,,,,10,0,10
AVSbMXx6wu8,7.855,9.003,,,,,,,,,,10,0,10
qXPQaAYNCfo,0.215,1.418,3.997,4.872,6.441,9.998,,,,,,10,0,10
p4pw_GFClig,2.352,5.241,9.475,10,,,,,,,,10,0,10
LWXpVcS3JmQ,1.927,2.332,,,,,,,,,,10,0,10
ZltRONHFuP4,8.823,9.364,,,,,,,,,,10,0,10
uBjF8EEZxQ8,2.901,3.223,,,,,,,,,,10,0,10
aVZzTYUcLdw,1.735,2.266,5.983,9.548,,,,,,,,10,0,10
#NAME?,0.331,1.299,,,,,,,,,,10,0,10
cFtSCyjMhXo,3.593,4.067,,,,,,,,,,10,0,10
Tpe6oPhJ2Fk,2.391,4.031,4.631,5.503,7.462,8.467,9.385,10,,,,10,0,10
qNjH5ihchlk,0.052,2.968,4.661,7.304,8.001,9.5,,,,,,9.5,0,9.5
rcFtQd9Rv1k,0.032,5.385,7.916,8.571,,,,,,,,10,0,10
Hc1w3l_WMZg,0.053,6.921,,,,,,,,,,10,0,10
rBidf6rQi8U,2.152,8.031,,,,,,,,,,10,0,10
5bcG8Oif0JI,9.548,10,,,,,,,,,,10,0,10
TEFwV5zY3Wk,0.123,3.564,5.281,9.462,,,,,,,,10,0,10
dZPukeFDDd8,0.407,10,,,,,,,,,,10,0,10
IJKcD7SJm_k,5.139,5.661,,,,,,,,,,10,0,10
oliP4qc7yF0,0.654,1.014,3.052,4.057,6.333,8.951,,,,,,10,0,10
EzmNilLZJ6M,1.071,2.787,6.191,6.751,9.557,10,,,,,,10,0,10
k2XKcfRLbo8,0.872,1.934,3.982,8.902,,,,,,,,10,0,10
i7Vv2sJy7Ag,1.384,2.285,4.304,4.589,,,,,,,,10,0,10
hcfj5h_bGWI,3.849,6.153,,,,,,,,,,10,0,10
4B2-VG2MbXo,0.151,0.549,1.461,10,,,,,,,,10,0,10
UtKf_GBqAgk,0.326,5.871,,,,,,,,,,9.1,0,9.1
TwFOr5SzYEA,0.351,1.441,,,,,,,,,,10,0,10
97L82GP65Ck,0.056,0.597,4.001,9.044,,,,,,,,10,0,10
oqT3pTJFv5k,0.057,0.644,5.641,7.385,,,,,,,,10,0,10
guvnNwCkhcs,0.045,10,,,,,,,,,,10,0,10
s59kr2NcZDw,0.037,1.393,2.588,3.432,4.655,6.021,,,,,,10,0,10
a1b6rzzoMco,0.218,0.749,3.385,7.652,9.282,10,,,,,,10,0,10
G-ayKkWB_rY,0.066,4.911,6.286,7.585,8.421,9.434,,,,,,10,0,10
Z4_h-zVEejI,0.777,2.531,6.002,8.078,,,,,,,,10,0,10
ZdXARmyYbB4,1.128,10,,,,,,,,,,10,0,10
piwzGI1_O2g,0.161,10,,,,,,,,,,10,0,10
VbjcvD2YO6k,2.417,2.796,3.963,10,,,,,,,,10,0,10
aY3LHD1vUX8,0.052,5.385,6.304,9.803,,,,,,,,10,0,10
56JhihsdBXI,0.066,10,,,,,,,,,,10,0,10
gkkbhbIUfUE,7.244,8.998,,,,,,,,,,10,0,10
Zmw8B1QWfpg,0.303,4.105,6.124,7.385,,,,,,,,10,0,10
XIHer00435w,0.055,6.163,,,,,,,,,,10,0,10
C5RTQ5jnCGg,0.056,2.009,2.921,7.091,9.632,10,,,,,,10,0,10
P3zHRrrOT4c,1.848,10,,,,,,,,,,10,0,10
jhaLogJhrls,0.578,0.824,1.573,3.289,4.171,8.771,,,,,,10,0,10
GdoRtJvdVww,0.986,4.816,,,,,,,,,,10,0,10
DPWWS1X2yzg,3.043,6.656,,,,,,,,,,10,0,10
nLWTkhEy9XE,0.673,1.166,2.882,10,,,,,,,,10,0,10
I_E5FmPkq-M,0.312,0.872,2.929,4.115,,,,,,,,10,0,10
mLJPOwsFzhM,0.052,2.133,3.366,4.845,,,,,,,,10,0,10
g8hljECTrk0,9.291,10,,,,,,,,,,10,0,10
tyz_Pk3b7gg,2.702,7.462,,,,,,,,,,10,0,10
s_Z-tq42cOE,5.138,6.589,,,,,,,,,,10,0,10
qrD2ypgiHgg,1.261,3.015,5.973,8.059,8.808,10,,,,,,10,0,10
O5jE_tnvzg0,3.214,6.504,8.788,10,,,,,,,,10,0,10
FiLrNWKwYNM,5.119,6.674,9.338,10,,,,,,,,10,0,10
ns0EvV1hd_g,0.692,2.417,7.139,8.589,,,,,,,,10,0,10
6Dali4EoF64,4.162,4.418,5.963,10,,,,,,,,10,0,10
87QdYD4TCC8,0.054,10,,,,,,,,,,10,0,10
R1lZRWAnSzI,0.039,1.517,6.703,8.562,,,,,,,,10,0,10
Ej0YJGmT418,2.541,4.201,5.167,7.282,,,,,,,,10,0,10
ZK_E8-Cq5sU,0.549,6.381,,,,,,,,,,10,0,10
wFAGftYqEdg,0.209,2.403,4.326,7.306,,,,,,,,9.2,0,9.2
xwdanunAmY8,0.037,10,,,,,,,,,,10,0,10
WcmqC_52404,0.047,3.624,6.241,8.627,,,,,,,,9.3,0,9.3
KjoB4wY1U3k,3.119,3.404,4.931,10,,,,,,,,10,0,10
kwRiH4GkYgI,5.481,6.492,,,,,,,,,,9.3,0,9.3
wQiQ2wovE4w,0.042,3.944,7.082,10,,,,,,,,10,0,10
W2pjqvjnTiI,3.603,6.361,6.845,10,,,,,,,,10,0,10
kRA2YiETMSI,7.167,7.992,9.357,9.983,,,,,,,,10,0,10
dN_t2dalWPU,0.043,10,,,,,,,,,,10,0,10
oW1fv2aTH_c,2.484,3.223,6.447,10,,,,,,,,10,0,10
VLNKqrVmD9g,1.346,1.801,3.641,3.954,6.694,10,,,,,,10,0,10
w9o9M6XtCYA,3.101,10,,,,,,,,,,10,0,10
4jmv1XpnR90,1.972,2.911,4.257,4.816,6.655,7.338,8.817,10,,,,10,0,10
AUw4xXBZ2i8,0.075,3.014,4.313,6.409,7.481,9.974,,,,,,10,0,10
jOOG8bi02cY,2.474,3.593,9.472,10,,,,,,,,10,0,10
rPu7ppZVTuU,5.897,10,,,,,,,,,,10,0,10
g_PCllXKl74,0.322,0.881,2.996,3.441,7.689,9.633,,,,,,10,0,10
B2EMqzpSVa0,3.289,5.157,6.466,8.305,,,,,,,,10,0,10
O24JHcEUsKw,0.274,1.403,7.699,10,,,,,,,,10,0,10
8VB7oNmV1Lg,1.099,3.214,4.399,10,,,,,,,,10,0,10
T5tTQXhoWYg,2.009,6.201,,,,,,,,,,10,0,10
GFujszwmkuA,0.037,10,,,,,,,,,,10,0,10
KI9ZvJT2CdM,1.602,10,,,,,,,,,,10,0,10
qmiJxajaB5s,0.291,9.456,,,,,,,,,,9.6,0,9.6
#NAME?,0.055,5.091,,,,,,,,,,10,0,10
k88r3zjb7g4,0.218,1.631,4.038,4.854,7.831,10,,,,,,10,0,10
ma_mamqzSFg,0.274,1.156,2.636,5.632,6.779,10,,,,,,10,0,10
tP3YO6yp6n4,0.053,10,,,,,,,,,,10,0,10
d8U0js8YANI,0.055,0.824,3.593,8.457,,,,,,,,10,0,10
MkrdxWgoYrw,0.051,6.248,,,,,,,,,,10,0,10
WlhZr_YYLPI,0.739,4.646,,,,,,,,,,10,0,10
RQXjQehzBr4,5.138,10,,,,,,,,,,10,0,10
eh5rg8LNKxs,0.044,3.024,,,,,,,,,,10,0,10
L_B5gvtHrbc,0.341,1.782,4.114,4.751,6.598,8.447,9.547,10,,,,10,0,10
#NAME?,1.185,2.741,6.684,10,,,,,,,,10,0,10
I9xOrk-vBqY,0.047,10,,,,,,,,,,10,0,10
kpqdiOO8_EE,3.005,3.659,4.494,6.797,8.324,9.092,,,,,,10,0,10
ajylMACjnJo,2.512,3.346,4.475,5.499,,,,,,,,10,0,10
YowhhN2YID0,4.465,9.044,,,,,,,,,,10,0,10
sKHewcx-_mE,0.052,10,,,,,,,,,,10,0,10
6xdkQ1-wEfw,0.041,5.281,6.333,10,,,,,,,,10,0,10
ZqDZsbL-TlM,0.512,3.271,4.096,5.641,5.992,8.097,9.207,10,,,,10,0,10
Zrt6XaGozeQ,1.608,4.622,,,,,,,,,,9.4,0,9.4
2JqAxsE_oyk,0.044,10,,,,,,,,,,10,0,10